,crash_date,crash_time,cross_street_name,number_of_persons_injured,number_of_persons_killed,number_of_pedestrians_injured,number_of_pedestrians_killed,number_of_cyclist_injured,number_of_cyclist_killed,number_of_motorist_injured,number_of_motorist_killed,contributing_factor_vehicle_1,collision_id,vehicle_type_code1,latitude,longitude,location,on_street_name,borough,zip_code,off_street_name,contributing_factor_vehicle_2,vehicle_type_code2,contributing_factor_vehicle_3,vehicle_type_code_3,contributing_factor_vehicle_4,contributing_factor_vehicle_5,vehicle_type_code_4,vehicle_type_code_5,crash_year
103,2021-09-11T00:00:00.000,2025-11-21 01:28:00,,1.0,1.0,0.0,0.0,1.0,1.0,0.0,0.0,Unspecified,4457900.0,E-Bike,40.79599,-73.96896,"{'latitude': 40.79599, 'longitude': -73.96896, 'human_address': '{""address"": """", ""city"": """", ""state"": """", ""zip"": """"}'}",AMSTERDAM AVENUE,,,,,,,,,,,,2021.0
426,2021-09-25T00:00:00.000,2025-11-21 22:26:00,,0.0,1.0,0.0,0.0,0.0,1.0,0.0,0.0,Unspecified,4461286.0,E-Bike,40.65753,-73.89797,"{'latitude': 40.65753, 'longitude': -73.89797, 'human_address': '{""address"": """", ""city"": """", ""state"": """", ""zip"": """"}'}",SNEDIKER AVENUE,BROOKLYN,11207.0,LINDEN BOULEVARD,Unspecified,,,,,,,,2021.0
1641,2021-06-11T00:00:00.000,2025-11-21 12:29:00,,0.0,1.0,0.0,0.0,0.0,1.0,0.0,0.0,Pedestrian/Bicyclist/Other Pedestrian Error/Confusion,4443102.0,Bike,,,,VAN CORTLANDT PARK SOUTH,BRONX,10463.0,DICKINSON AVENUE,,,,,,,,,2021.0
2551,2022-01-16T00:00:00.000,2025-11-21 11:08:00,,0.0,1.0,0.0,0.0,0.0,1.0,0.0,0.0,Pavement Defective,4495187.0,Bike,40.757694,-74.000595,"{'latitude': 40.757694, 'longitude': -74.000595, 'human_address': '{""address"": """", ""city"": """", ""state"": """", ""zip"": """"}'}",WEST 37 STREET,MANHATTAN,10018.0,11 AVENUE,,,,,,,,,2022.0
2558,2022-07-11T00:00:00.000,2025-11-21 00:37:00,,0.0,1.0,0.0,0.0,0.0,1.0,0.0,0.0,Pedestrian/Bicyclist/Other Pedestrian Error/Confusion,4545939.0,Bike,40.77981,-73.95035,"{'latitude': 40.77981, 'longitude': -73.95035, 'human_address': '{""address"": """", ""city"": """", ""state"": """", ""zip"": """"}'}",2 AVENUE,,,,,,,,,,,,2022.0
2651,2021-06-27T00:00:00.000,2025-11-21 12:30:00,,0.0,1.0,0.0,0.0,0.0,1.0,0.0,0.0,Pedestrian/Bicyclist/Other Pedestrian Error/Confusion,4484778.0,Bike,40.646175,-73.920105,"{'latitude': 40.646175, 'longitude': -73.920105, 'human_address': '{""address"": """", ""city"": """", ""state"": """", ""zip"": """"}'}",RALPH AVENUE,BROOKLYN,11236.0,COVENTRY ROAD,,,,,,,,,2021.0
2675,2022-02-24T00:00:00.000,2025-11-21 22:15:00,,0.0,1.0,0.0,0.0,0.0,1.0,0.0,0.0,Pavement Defective,4505687.0,Bike,40.747654,-73.87072,"{'latitude': 40.747654, 'longitude': -73.87072, 'human_address': '{""address"": """", ""city"": """", ""state"": """", ""zip"": """"}'}",40 DRIVE,,,,,,,,,,,,2022.0
3850,2022-06-23T00:00:00.000,2025-11-21 19:27:00,,0.0,1.0,0.0,0.0,0.0,1.0,0.0,0.0,Unspecified,4540544.0,Bike,,,,CROSS ISLAND PARKWAY,,,,,,,,,,,,2022.0
4532,2023-01-18T00:00:00.000,2025-11-21 22:15:00,,0.0,1.0,0.0,0.0,0.0,1.0,0.0,0.0,Pedestrian/Bicyclist/Other Pedestrian Error/Confusion,4599746.0,E-Bike,40.771248,-73.84374,"{'latitude': 40.771248, 'longitude': -73.84374, 'human_address': '{""address"": """", ""city"": """", ""state"": """", ""zip"": """"}'}",COLLEGE POINT BOULEVARD,QUEENS,11354.0,30 AVENUE,,,,,,,,,2023.0
4945,2023-02-21T00:00:00.000,2025-11-21 17:13:00,,0.0,1.0,0.0,0.0,0.0,1.0,0.0,0.0,Pedestrian/Bicyclist/Other Pedestrian Error/Confusion,4607654.0,E-Bike,,,,hudson river greenway,,,west 94 street,,,,,,,,,2023.0
4979,2022-09-23T00:00:00.000,2025-11-21 23:10:00,,0.0,1.0,0.0,0.0,0.0,1.0,0.0,0.0,Failure to Yield Right-of-Way,4566835.0,Bike,40.64453,-73.94599,"{'latitude': 40.64453, 'longitude': -73.94599, 'human_address': '{""address"": """", ""city"": """", ""state"": """", ""zip"": """"}'}",NEW YORK AVENUE,BROOKLYN,11226.0,CORTELYOU ROAD,Traffic Control Disregarded,,,,,,,,2022.0
5306,2023-03-09T00:00:00.000,2025-11-21 23:30:00,,0.0,1.0,0.0,0.0,0.0,1.0,0.0,0.0,Unspecified,4611702.0,Bike,40.707783,-73.932076,"{'latitude': 40.707783, 'longitude': -73.932076, 'human_address': '{""address"": """", ""city"": """", ""state"": """", ""zip"": """"}'}",MORGAN AVENUE,,,JOHNSON AVENUE,,,,,,,,,2023.0
5518,2023-03-17T00:00:00.000,2025-11-21 14:53:00,,0.0,1.0,0.0,0.0,0.0,1.0,0.0,0.0,Lost Consciousness,4614269.0,E-Bike,40.838497,-73.939835,"{'latitude': 40.838497, 'longitude': -73.939835, 'human_address': '{""address"": """", ""city"": """", ""state"": """", ""zip"": """"}'}",WEST 165 STREET,MANHATTAN,10032.0,SAINT NICHOLAS AVENUE,,,,,,,,,2023.0
5885,2023-04-16T00:00:00.000,2025-11-21 22:50:00,976       MC DONALD AVENUE,0.0,1.0,0.0,0.0,0.0,1.0,0.0,0.0,Alcohol Involvement,4621050.0,Bike,40.630096,-73.97706,"{'latitude': 40.630096, 'longitude': -73.97706, 'human_address': '{""address"": """", ""city"": """", ""state"": """", ""zip"": """"}'}",,BROOKLYN,11230.0,,,,,,,,,,2023.0
6072,2023-03-07T00:00:00.000,2025-11-21 18:55:00,,0.0,1.0,0.0,0.0,0.0,1.0,0.0,0.0,Pedestrian/Bicyclist/Other Pedestrian Error/Confusion,4610950.0,E-Bike,40.58369,-73.92157,"{'latitude': 40.58369, 'longitude': -73.92157, 'human_address': '{""address"": """", ""city"": """", ""state"": """", ""zip"": """"}'}",BELT PARKWAY,,,,,,,,,,,,2023.0
6075,2023-06-04T00:00:00.000,2025-11-21 00:52:00,,0.0,1.0,0.0,0.0,0.0,1.0,0.0,0.0,Unspecified,4637331.0,Bike,40.715225,-73.9445,"{'latitude': 40.715225, 'longitude': -73.9445, 'human_address': '{""address"": """", ""city"": """", ""state"": """", ""zip"": """"}'}",CONSELYEA STREET,BROOKLYN,11211.0,GRAHAM AVENUE,,,,,,,,,2023.0
6958,2023-09-20T00:00:00.000,2025-11-21 20:21:00,,0.0,1.0,0.0,0.0,0.0,1.0,0.0,0.0,Traffic Control Disregarded,4664178.0,E-Bike,40.67243,-73.841194,"{'latitude': 40.67243, 'longitude': -73.841194, 'human_address': '{""address"": """", ""city"": """", ""state"": """", ""zip"": """"}'}",PITKIN AVENUE,QUEENS,11417.0,95 STREET,Unspecified,,,,,,,,2023.0
7558,2023-12-08T00:00:00.000,2025-11-21 08:43:00,,0.0,1.0,0.0,0.0,0.0,1.0,0.0,0.0,Pavement Defective,4692318.0,E-Bike,40.67268,-73.953026,"{'latitude': 40.67268, 'longitude': -73.953026, 'human_address': '{""address"": """", ""city"": """", ""state"": """", ""zip"": """"}'}",ROGERS AVENUE,,,,,,,,,,,,2023.0
7697,2024-03-11T00:00:00.000,2025-11-21 16:09:00,,0.0,1.0,0.0,0.0,0.0,1.0,0.0,0.0,Unspecified,4709147.0,E-Bike,40.642097,-74.00987,"{'latitude': 40.642097, 'longitude': -74.00987, 'human_address': '{""address"": """", ""city"": """", ""state"": """", ""zip"": """"}'}",6 AVENUE,BROOKLYN,11220.0,53 STREET,,,,,,,,,2024.0
7847,2024-05-23T00:00:00.000,2025-11-21 23:07:00,,0.0,1.0,0.0,0.0,0.0,1.0,0.0,0.0,Pedestrian/Bicyclist/Other Pedestrian Error/Confusion,4727182.0,Bike,,,,Washington Bridge,MANHATTAN,10033.0,Amsterdam Avenue,Unspecified,,,,,,,,2024.0
8807,2021-01-06T00:00:00.000,2025-11-21 14:46:00,,0.0,1.0,0.0,0.0,0.0,1.0,0.0,0.0,Driver Inattention/Distraction,4390593.0,E-Bike,40.64433,-73.919914,"{'latitude': 40.64433, 'longitude': -73.919914}",RALPH AVENUE                    ,,,,,,,,,,,,2021.0
9249,2020-09-07T00:00:00.000,2025-11-21 19:47:00,,0.0,1.0,0.0,0.0,0.0,1.0,0.0,0.0,Unspecified,4345625.0,Bike,,,,WEST DRIVE                      ,BROOKLYN,11226.0,WELL HOUSE DRIVE,,,,,,,,,2020.0
9325,2020-09-23T00:00:00.000,2025-11-21 19:47:00,,0.0,1.0,0.0,0.0,0.0,1.0,0.0,0.0,Unspecified,4351821.0,E-Bike,40.85352,-73.902725,"{'latitude': 40.85352, 'longitude': -73.902725}",GRAND CONCOURSE                 ,BRONX,10453.0,EAST 180 STREET,,,,,,,,,2020.0
9407,2020-09-05T00:00:00.000,2025-11-21 01:14:00,,1.0,1.0,1.0,0.0,0.0,1.0,0.0,0.0,Unspecified,4345624.0,E-Bike,,,,Willis Avenue Bridge Pedestrian/,,,East 135 Street,,,,,,,,,2020.0
10107,2020-06-16T00:00:00.000,2025-11-21 08:52:00,,0.0,1.0,0.0,0.0,0.0,1.0,0.0,0.0,Pedestrian/Bicyclist/Other Pedestrian Error/Confusion,4320573.0,Bike,40.764896,-73.97256,"{'latitude': 40.764896, 'longitude': -73.97256}",5 AVENUE                        ,MANHATTAN,10022.0,EAST 60 STREET,Unspecified,Bus,,,,,,,2020.0
10881,2019-09-27T00:00:00.000,2025-11-21 19:44:00,,0.0,1.0,0.0,0.0,0.0,1.0,0.0,0.0,Failure to Yield Right-of-Way,4214054.0,Bike,40.586746,-73.81712,"{'latitude': 40.586746, 'longitude': -73.81712}",ROCKAWAY FREEWAY                ,QUEENS,11693.0,BEACH 94 STREET,Unspecified,Station Wagon/Sport Utility Vehicle,,,,,,,2019.0
11196,2019-08-26T00:00:00.000,2025-11-21 15:21:00,,1.0,1.0,1.0,0.0,0.0,1.0,0.0,0.0,Other Vehicular,4195176.0,E-Bik,,,,EAST DRIVE                      ,,,EAST 74 STREET,,,,,,,,,2019.0
12150,2019-04-27T00:00:00.000,2025-11-21 18:35:00,,0.0,1.0,0.0,0.0,0.0,1.0,0.0,0.0,Oversized Vehicle,4121753.0,Bike,40.75326,-74.00383,"{'latitude': 40.75326, 'longitude': -74.00383}",11 AVENUE                       ,,,,Unspecified,Tractor Truck Diesel,,,,,,,2019.0
12168,2019-04-04T00:00:00.000,2025-11-21 16:35:00,,0.0,1.0,0.0,0.0,0.0,1.0,0.0,0.0,Illnes,4108883.0,Bike,40.72857,-73.85809,"{'latitude': 40.72857, 'longitude': -73.85809}",QUEENS BOULEVARD                ,,,65 ROAD,,,,,,,,,2019.0
13188,2018-09-01T00:00:00.000,2025-11-21 16:24:00,,0.0,1.0,0.0,0.0,0.0,1.0,0.0,0.0,Driver Inattention/Distraction,3973645.0,Bike,40.846825,-73.89705,"{'latitude': 40.846825, 'longitude': -73.89705000000001}",BATHGATE AVENUE                 ,BRONX,10457.0,EAST TREMONT AVENUE,Unspecified,Station Wagon/Sport Utility Vehicle,Unspecified,Station Wagon/Sport Utility Vehicle,,,,,2018.0
13469,2018-08-10T00:00:00.000,2025-11-21 16:42:00,,0.0,1.0,0.0,0.0,0.0,1.0,0.0,0.0,Alcohol Involvement,3959009.0,Bike,40.772415,-73.97874,"{'latitude': 40.772415, 'longitude': -73.97874}",CENTRAL PARK WEST               ,,,,Reaction to Uninvolved Vehicle,Garbage or Refuse,,,,,,,2018.0
13720,2018-07-23T00:00:00.000,2025-11-21 23:07:00,,0.0,1.0,0.0,0.0,0.0,1.0,0.0,0.0,Traffic Control Disregarded,3947274.0,Bike,40.77309,-73.91108,"{'latitude': 40.77309, 'longitude': -73.91108}",35 STREET                       ,QUEENS,11105.0,23 AVENUE,Unspecified,Station Wagon/Sport Utility Vehicle,,,,,,,2018.0
14049,2018-06-17T00:00:00.000,2025-11-21 13:05:00,,0.0,1.0,0.0,0.0,0.0,1.0,0.0,0.0,Lost Consciousness,3923395.0,Bike,40.709602,-73.991936,"{'latitude': 40.709602, 'longitude': -73.991936}",MANHATTAN BRIDGE                ,,,,,,,,,,,,2018.0
14576,2018-04-16T00:00:00.000,2025-11-21 20:23:00,,0.0,1.0,0.0,0.0,0.0,1.0,0.0,0.0,Driver Inattention/Distraction,3882891.0,Bike,,,,tunnel exit street              ,MANHATTAN,10016.0,east 39 street,Unspecified,Taxi,,,,,,,2018.0
15101,2017-12-18T00:00:00.000,2025-11-21 07:47:00,,0.0,1.0,0.0,0.0,0.0,1.0,0.0,0.0,Failure to Yield Right-of-Way,3812359.0,Bike,,,,48 STREET                       ,QUEENS,11378.0,LONG ISLAND EXPRESSWAY,Unspecified,Tractor Truck Diesel,,,,,,,2017.0
15616,2017-10-10T00:00:00.000,2025-11-21 22:16:00,,0.0,1.0,0.0,0.0,0.0,1.0,0.0,0.0,Other Vehicular,3768601.0,Bike,40.778606,-73.98163,"{'latitude': 40.778605999999996, 'longitude': -73.98163}",AMSTERDAM AVENUE                ,,,,Pedestrian/Bicyclist/Other Pedestrian Error/Confusion,Tractor Truck Diesel,,,,,,,2017.0
15699,2017-09-30T00:00:00.000,2025-11-21 08:29:00,NOSTRAND AVENUE                         ,0.0,1.0,0.0,0.0,0.0,1.0,0.0,0.0,Unsafe Speed,3761143.0,Bike,40.650806,-73.94958,"{'latitude': 40.650806, 'longitude': -73.94958}",,,,,Unspecified,Sedan,,,,,,,2017.0
15973,2017-09-10T00:00:00.000,2025-11-21 09:06:00,,3.0,1.0,0.0,0.0,3.0,1.0,0.0,0.0,Alcohol Involvement,3747815.0,Bike,40.641953,-73.9885,"{'latitude': 40.641953, 'longitude': -73.9885}",12 AVENUE                       ,BROOKLYN,11218.0,39 STREET,Unspecified,Station Wagon/Sport Utility Vehicle,Unspecified,Bike,Unspecified,Unspecified,Bike,Bike,2017.0
16178,2017-08-17T00:00:00.000,2025-11-21 22:47:00,,0.0,1.0,0.0,0.0,0.0,1.0,0.0,0.0,Unsafe Speed,3732658.0,Bike,40.7608,-73.93915,"{'latitude': 40.7608, 'longitude': -73.93915}",36 AVENUE                       ,QUEENS,11106.0,12 STREET,Unspecified,Sedan,,,,,,,2017.0
16351,2017-07-22T00:00:00.000,2025-11-21 00:26:00,,0.0,1.0,0.0,0.0,0.0,1.0,0.0,0.0,Driver Inattention/Distraction,3716167.0,Bike,40.72846,-73.95737,"{'latitude': 40.72846, 'longitude': -73.95737}",FRANKLIN STREET                 ,BROOKLYN,11222.0,NOBLE STREET,Unspecified,Garbage or Refuse,,,,,,,2017.0
16439,2017-07-11T00:00:00.000,2025-11-21 17:49:00,,0.0,1.0,0.0,0.0,0.0,1.0,0.0,0.0,Pedestrian/Bicyclist/Other Pedestrian Error/Confusion,3709467.0,Bike,40.677338,-73.927536,"{'latitude': 40.677338, 'longitude': -73.927536}",ATLANTIC AVENUE                 ,BROOKLYN,11233.0,ROCHESTER AVENUE,Unspecified,Station Wagon/Sport Utility Vehicle,,,,,,,2017.0
16554,2017-06-17T00:00:00.000,2025-11-21 09:23:00,99        EAST DRIVE                    ,0.0,1.0,0.0,0.0,0.0,1.0,0.0,0.0,Driver Inexperience,3695343.0,Bike,,,,,,,,,,,,,,,,2017.0
16699,2017-06-17T00:00:00.000,2025-11-21 13:36:00,,0.0,1.0,0.0,0.0,0.0,1.0,0.0,0.0,Failure to Yield Right-of-Way,3692425.0,Bike,40.747852,-73.99291,"{'latitude': 40.747852, 'longitude': -73.99291}",7 AVENUE                        ,MANHATTAN,10001.0,WEST 29 STREET,Pedestrian/Bicyclist/Other Pedestrian Error/Confusion,Bus,,,,,,,2017.0
17114,2017-04-05T00:00:00.000,2025-11-21 07:19:00,,0.0,1.0,0.0,0.0,0.0,1.0,0.0,0.0,Passing or Lane Usage Improper,3645566.0,Bike,40.728195,-73.984886,"{'latitude': 40.728195, 'longitude': -73.984886}",1 AVENUE                        ,MANHATTAN,10009.0,EAST 9 STREET,Unspecified,Box Truck,,,,,,,2017.0
17187,2017-03-03T00:00:00.000,2025-11-21 17:30:00,,0.0,1.0,0.0,0.0,0.0,1.0,0.0,0.0,Failure to Yield Right-of-Way,3626043.0,Bike,40.751835,-73.82427,"{'latitude': 40.751835, 'longitude': -73.82427}",COLDEN STREET                   ,QUEENS,11355.0,ELDER AVENUE,Unspecified,,,,,,,,2017.0
18404,2016-07-07T00:00:00.000,2025-11-21 08:07:00,,0.0,1.0,0.0,0.0,0.0,1.0,0.0,0.0,Pedestrian/Bicyclist/Other Pedestrian Error/Confusion,3485897.0,BICYCLE,,,,BROADWAY                        ,QUEENS,11373.0,BAXTER AVENUE,Unspecified,PASSENGER VEHICLE,Unspecified,BICYCLE,,,,,2016.0
18491,2016-07-17T00:00:00.000,2025-11-21 20:47:00,,3.0,1.0,0.0,0.0,0.0,1.0,3.0,0.0,Alcohol Involvement,3482130.0,Bike,40.593147,-73.92548,"{'latitude': 40.593147, 'longitude': -73.92548}",GERRITSEN AVENUE                ,,,,Unspecified,4 dr sedan,Unspecified,4 dr sedan,Unspecified,,4 dr sedan,,2016.0
18636,2016-06-11T00:00:00.000,2025-11-21 00:42:00,,0.0,1.0,0.0,0.0,0.0,1.0,0.0,0.0,Unspecified,3638938.0,Bike,40.83527,-73.832245,"{'latitude': 40.83527, 'longitude': -73.832245}",EAST TREMONT AVENUE             ,,,,Unspecified,4 dr sedan,Unspecified,Station Wagon/Sport Utility Vehicle,,,,,2016.0
18730,2016-05-26T00:00:00.000,2025-11-21 17:05:00,,0.0,1.0,0.0,0.0,0.0,1.0,0.0,0.0,Failure to Yield Right-of-Way,3507625.0,Bike,40.656204,-73.886696,"{'latitude': 40.656204, 'longitude': -73.886696}",VERMONT STREET                  ,BROOKLYN,11207.0,WORTMAN AVENUE,Unspecified,Van,,,,,,,2016.0
19196,2015-07-28T00:00:00.000,2025-11-21 14:14:00,,0.0,1.0,0.0,0.0,0.0,1.0,0.0,0.0,Passenger Distraction,3266691.0,BICYCLE,40.7498984,-73.9378107,"{'latitude': 40.7498984, 'longitude': -73.9378107}",QUEENS PLAZA NORTH              ,QUEENS,11101.0,29 STREET                       ,Traffic Control Disregarded,PASSENGER VEHICLE,,,,,,,2015.0
19741,2024-07-22T00:00:00.000,2025-11-21 21:55:00,1957      WESTCHESTER AVENUE,0.0,1.0,0.0,0.0,0.0,1.0,0.0,0.0,Failure to Yield Right-of-Way,4742623.0,Bike,40.833443,-73.858864,"{'latitude': 40.833443, 'longitude': -73.858864, 'human_address': '{""address"": """", ""city"": """", ""state"": """", ""zip"": """"}'}",,BRONX,10462.0,,Unspecified,,,,,,,,2024.0
19853,2023-09-16T00:00:00.000,2025-11-21 00:54:00,,0.0,1.0,0.0,0.0,0.0,1.0,0.0,0.0,Driver Inattention/Distraction,4667965.0,E-Bike,40.751892,-73.9676,"{'latitude': 40.751892, 'longitude': -73.9676, 'human_address': '{""address"": """", ""city"": """", ""state"": """", ""zip"": """"}'}",1 AVENUE,MANHATTAN,10017.0,EAST 47 STREET,,,,,,,,,2023.0
20872,2024-12-01T00:00:00.000,2025-11-21 21:23:00,,0.0,1.0,0.0,0.0,0.0,1.0,0.0,0.0,Driver Inattention/Distraction,4775744.0,Bike,40.895374,-73.863556,"{'latitude': 40.895374, 'longitude': -73.863556, 'human_address': '{""address"": """", ""city"": """", ""state"": """", ""zip"": """"}'}",WEBSTER AVE,BRONX,10470.0,E 233 ST,Pavement Slippery,,,,,,,,2024.0
21132,2025-02-18T00:00:00.000,2025-11-21 15:05:00,,0.0,1.0,0.0,0.0,0.0,1.0,0.0,0.0,Unspecified,4796322.0,Bike,40.759167,-73.976746,"{'latitude': 40.759167, 'longitude': -73.976746, 'human_address': '{""address"": """", ""city"": """", ""state"": """", ""zip"": """"}'}",W 51 ST,MANHATTAN,10022.0,5 AVE,,,,,,,,,2025.0
21891,2025-06-18T00:00:00.000,2025-11-21 17:47:00,,1.0,1.0,1.0,0.0,0.0,1.0,0.0,0.0,Unspecified,4821445.0,E-Bike,40.789482,-73.95741,"{'latitude': 40.789482, 'longitude': -73.95741, 'human_address': '{""address"": """", ""city"": """", ""state"": """", ""zip"": """"}'}",EAST DR,MANHATTAN,10000.0,97 ST TRANSVERSE,,,,,,,,,2025.0
21977,2025-06-05T00:00:00.000,2025-11-21 08:32:00,,0.0,1.0,0.0,0.0,0.0,1.0,0.0,0.0,Lost Consciousness,4824644.0,Bike,40.65769,-73.97305,"{'latitude': 40.65769, 'longitude': -73.97305, 'human_address': '{""address"": """", ""city"": """", ""state"": """", ""zip"": """"}'}",CENTER DRIVE,,,WEST DRIVE,,,,,,,,,2025.0
22469,2025-08-26T00:00:00.000,2025-11-21 00:08:00,,0.0,1.0,0.0,0.0,0.0,1.0,0.0,0.0,Failure to Yield Right-of-Way,4837606.0,E-Bike,40.813095,-73.89826,"{'latitude': 40.813095, 'longitude': -73.89826, 'human_address': '{""address"": """", ""city"": """", ""state"": """", ""zip"": """"}'}",BRUCKNER BLVD,BRONX,10455.0,LEGGETT AVE,Unspecified,,,,,,,,2025.0
22680,2025-09-22T00:00:00.000,2025-11-21 16:20:00,,0.0,1.0,0.0,0.0,0.0,1.0,0.0,0.0,Traffic Control Disregarded,4844394.0,E-Bike,40.698357,-73.73136,"{'latitude': 40.698357, 'longitude': -73.73136, 'human_address': '{""address"": """", ""city"": """", ""state"": """", ""zip"": """"}'}",115 AVE,QUEENS,11411.0,227 ST,Unspecified,Sedan,,,,,,,2025.0
22823,2025-10-06T00:00:00.000,2025-11-21 19:30:00,,0.0,1.0,0.0,0.0,0.0,1.0,0.0,0.0,Unspecified,4848189.0,E-Bike,,,,SOUTHERN BLVD,,,SOUTHERN BLVD,,,,,,,,,2025.0
23047,2025-10-01T00:00:00.000,2025-11-21 15:05:00,,1.0,1.0,0.0,0.0,1.0,1.0,0.0,0.0,Traffic Control Disregarded,4846657.0,E-Bike,40.824818,-73.867615,"{'latitude': 40.824818, 'longitude': -73.867615, 'human_address': '{""address"": """", ""city"": """", ""state"": """", ""zip"": """"}'}",ROSEDALE AVE,,,BRUCKNER BLVD,Unspecified,Station Wagon/Sport Utility Vehicle,,,,,,,2025.0
330,2016-02-11T00:00:00.000,2025-11-21 18:42:00,,0.0,1.0,0.0,0.0,0.0,1.0,0.0,0.0,Physical Disability,3387100.0,LARGE COM VEH(6 OR MORE TIRES),40.7219679,-74.0082326,"{'latitude': 40.7219679, 'longitude': -74.0082326}",HUDSON STREET                   ,MANHATTAN,10013.0,LAIGHT STREET                   ,Unspecified,BICYCLE,,,,,,,2016.0
371,2016-02-16T00:00:00.000,2025-11-21 17:39:00,,0.0,1.0,0.0,0.0,0.0,1.0,0.0,0.0,Unspecified,3389878.0,SPORT UTILITY / STATION WAGON,40.5729078,-74.1370436,"{'latitude': 40.5729078, 'longitude': -74.1370436}",RICHMOND ROAD                   ,STATEN ISLAND,10306.0,ANDREWS AVENUE                  ,Unspecified,BICYCLE,,,,,,,2016.0
440,2016-01-19T00:00:00.000,2025-11-21 17:03:00,,0.0,1.0,0.0,0.0,0.0,1.0,0.0,0.0,Unspecified,3373336.0,LARGE COM VEH(6 OR MORE TIRES),40.5982053,-73.9621036,"{'latitude': 40.5982053, 'longitude': -73.9621036}",AVENUE U                        ,BROOKLYN,11223.0,EAST 9 STREET                   ,Unspecified,BICYCLE,,,,,,,2016.0
686,2016-01-18T00:00:00.000,2025-11-21 09:44:00,,0.0,1.0,0.0,0.0,0.0,1.0,0.0,0.0,Unspecified,3373300.0,PASSENGER VEHICLE,40.8538084,-73.8552781,"{'latitude': 40.8538084, 'longitude': -73.8552781}",NEILL AVENUE                    ,BRONX,10461.0,TOMLINSON AVENUE                ,Unspecified,BICYCLE,,,,,,,2016.0
1574,2015-10-14T00:00:00.000,2025-11-21 08:45:00,,0.0,1.0,0.0,0.0,0.0,1.0,0.0,0.0,Drugs (Illegal),3315347.0,PASSENGER VEHICLE,40.7262143,-73.920515,"{'latitude': 40.7262143, 'longitude': -73.920515}",56 ROAD                         ,QUEENS,11378.0,48 STREET                       ,Unspecified,BICYCLE,,,,,,,2015.0
1701,2015-10-14T00:00:00.000,2025-11-21 08:45:00,,0.0,1.0,0.0,0.0,0.0,1.0,0.0,0.0,Drugs (Illegal),3315345.0,LARGE COM VEH(6 OR MORE TIRES),40.7262143,-73.920515,"{'latitude': 40.7262143, 'longitude': -73.920515}",56 ROAD                         ,QUEENS,11378.0,48 STREET                       ,Unspecified,BICYCLE,,,,,,,2015.0
2068,2015-09-11T00:00:00.000,2025-11-21 23:56:00,,0.0,1.0,0.0,0.0,0.0,1.0,0.0,0.0,Unspecified,3295077.0,UNKNOWN,40.8595489,-73.8009016,"{'latitude': 40.8595489, 'longitude': -73.8009016}",CITY ISLAND ROAD                ,BRONX,10464.0,CITY ISLAND BRIDGE              ,Unspecified,BICYCLE,,,,,,,2015.0
2371,2015-09-14T00:00:00.000,2025-11-21 17:18:00,,1.0,1.0,0.0,0.0,1.0,1.0,0.0,0.0,Tow Hitch Defective,3297268.0,PICK-UP TRUCK,40.5512542,-74.1345595,"{'latitude': 40.5512542, 'longitude': -74.1345595}",HYLAN BOULEVARD                 ,STATEN ISLAND,10308.0,REDGRAVE AVENUE                 ,Unspecified,BICYCLE,Unspecified,BICYCLE,,,,,2015.0
2637,2015-08-20T00:00:00.000,2025-11-21 19:22:00,,0.0,1.0,0.0,0.0,0.0,1.0,0.0,0.0,Unspecified,3281241.0,LARGE COM VEH(6 OR MORE TIRES),40.6063974,-73.7517519,"{'latitude': 40.6063974, 'longitude': -73.7517519}",AUGUSTINA AVENUE                ,QUEENS,11691.0,BAYPORT PLACE                   ,,BICYCLE,,,,,,,2015.0
3158,2015-07-29T00:00:00.000,2025-11-21 23:05:00,,0.0,1.0,0.0,0.0,0.0,1.0,0.0,0.0,Driver Inattention/Distraction,3267799.0,BUS,40.6736898,-74.0118029,"{'latitude': 40.6736898, 'longitude': -74.0118029}",VAN DYKE STREET                 ,BROOKLYN,11231.0,DWIGHT STREET                   ,Unspecified,BICYCLE,,,,,,,2015.0
3272,2015-08-05T00:00:00.000,2025-11-21 18:58:00,,1.0,1.0,0.0,0.0,1.0,1.0,0.0,0.0,Other Vehicular,3272321.0,SPORT UTILITY / STATION WAGON,40.8401761,-73.9252686,"{'latitude': 40.8401761, 'longitude': -73.9252686}",OGDEN AVENUE                    ,BRONX,10452.0,WEST 169 STREET                 ,Physical Disability,BICYCLE,,,,,,,2015.0
3602,2015-08-05T00:00:00.000,2025-11-21 17:25:00,,0.0,1.0,0.0,0.0,0.0,1.0,0.0,0.0,Passenger Distraction,3272480.0,SPORT UTILITY / STATION WAGON,40.6488,-74.0134237,"{'latitude': 40.6488, 'longitude': -74.0134237}",3 AVENUE                        ,BROOKLYN,11220.0,48 STREET                       ,Unspecified,BICYCLE,,,,,,,2015.0
4161,2015-06-22T00:00:00.000,2025-11-21 10:25:00,,0.0,1.0,0.0,0.0,0.0,1.0,0.0,0.0,Unspecified,3244293.0,SMALL COM VEH(4 TIRES) ,40.6500815,-73.9610074,"{'latitude': 40.6500815, 'longitude': -73.9610074}",CHURCH AVENUE                   ,BROOKLYN,11226.0,OCEAN AVENUE                    ,Unspecified,BICYCLE,,,,,,,2015.0
4467,2015-05-27T00:00:00.000,2025-11-21 23:15:00,,0.0,1.0,0.0,0.0,0.0,1.0,0.0,0.0,Unspecified,3228849.0,PASSENGER VEHICLE,40.8075979,-73.9371788,"{'latitude': 40.8075979, 'longitude': -73.9371788}",EAST 129 STREET                 ,MANHATTAN,10035.0,PARK AVENUE                     ,Unspecified,BICYCLE,,,,,,,2015.0
5283,2015-04-16T00:00:00.000,2025-11-21 12:58:00,,0.0,1.0,0.0,0.0,0.0,1.0,0.0,0.0,Unspecified,3203724.0,UNKNOWN,40.6748962,-73.8074409,"{'latitude': 40.6748962, 'longitude': -73.8074409}",131 STREET                      ,QUEENS,11420.0,ROCKAWAY BOULEVARD              ,Unspecified,BICYCLE,,,,,,,2015.0
5295,2015-04-05T00:00:00.000,2025-11-21 17:14:00,,0.0,1.0,0.0,0.0,0.0,1.0,0.0,0.0,Driver Inattention/Distraction,3197904.0,VAN,40.8254139,-73.923475,"{'latitude': 40.8254139, 'longitude': -73.923475}",GRAND CONCOURSE                 ,BRONX,10451.0,EAST 158 STREET                 ,Unspecified,BICYCLE,,,,,,,2015.0
5846,2015-01-17T00:00:00.000,2025-11-21 19:13:00,,0.0,1.0,0.0,0.0,0.0,1.0,0.0,0.0,Driver Inattention/Distraction,3154576.0,LARGE COM VEH(6 OR MORE TIRES),40.7564741,-73.9472651,"{'latitude': 40.7564741, 'longitude': -73.9472651}",VERNON BOULEVARD                ,QUEENS,11101.0,41 AVENUE                       ,Passenger Distraction,BICYCLE,,,,,,,2015.0
18597,2021-07-08T00:00:00.000,2025-11-21 22:03:00,,0.0,1.0,0.0,0.0,0.0,1.0,0.0,0.0,Traffic Control Disregarded,4456653.0,Sedan,40.721474,-73.98383,"{'latitude': 40.721474, 'longitude': -73.98383, 'human_address': '{""address"": """", ""city"": """", ""state"": """", ""zip"": """"}'}",EAST HOUSTON STREET,MANHATTAN,10002.0,CLINTON STREET,Unspecified,Bike,,,,,,,2021.0
20025,2021-06-18T00:00:00.000,2025-11-21 23:22:00,,0.0,1.0,0.0,0.0,0.0,1.0,0.0,0.0,Unsafe Speed,4428754.0,Sedan,40.866047,-73.87207,"{'latitude': 40.866047, 'longitude': -73.87207, 'human_address': '{""address"": """", ""city"": """", ""state"": """", ""zip"": """"}'}",SOUTHERN BOULEVARD,BRONX,10467.0,BRONX RIVER PARKWAY,Unspecified,Bike,,,,,,,2021.0
20327,2021-06-29T00:00:00.000,2025-11-21 17:38:00,,0.0,1.0,0.0,0.0,0.0,1.0,0.0,0.0,Driver Inattention/Distraction,4433548.0,Box Truck,40.785294,-73.969345,"{'latitude': 40.785294, 'longitude': -73.969345, 'human_address': '{""address"": """", ""city"": """", ""state"": """", ""zip"": """"}'}",CENTRAL PARK WEST,MANHATTAN,10024.0,WEST 86 STREET,Pedestrian/Bicyclist/Other Pedestrian Error/Confusion,Bike,,,,,,,2021.0
20526,2021-06-04T00:00:00.000,2025-11-21 21:31:00,,0.0,1.0,0.0,0.0,0.0,1.0,0.0,0.0,Passing or Lane Usage Improper,4423679.0,Sedan,40.78322,-73.84586,"{'latitude': 40.78322, 'longitude': -73.84586, 'human_address': '{""address"": """", ""city"": """", ""state"": """", ""zip"": """"}'}",COLLEGE POINT BOULEVARD,,,,Unspecified,Bike,,,,,,,2021.0
20807,2021-10-07T00:00:00.000,2025-11-21 00:08:00,,0.0,1.0,0.0,0.0,0.0,1.0,0.0,0.0,Pedestrian/Bicyclist/Other Pedestrian Error/Confusion,4465371.0,Sedan,40.8020705,-73.9735112,"{'latitude': 40.8020705, 'longitude': -73.9735112, 'human_address': '{""address"": """", ""city"": """", ""state"": """", ""zip"": """"}'}",HENRY HUDSON PARKWAY,,,,Unspecified,Bike,,,,,,,2021.0
21212,2021-10-15T00:00:00.000,2025-11-21 22:10:00,,0.0,1.0,0.0,0.0,0.0,1.0,0.0,0.0,Unspecified,4467747.0,Sedan,,,,ATLANTIC AVENUE,,,ESSEX STREET,Unspecified,Bike,,,,,,,2021.0
21221,2021-10-18T00:00:00.000,2025-11-21 17:50:00,,0.0,1.0,0.0,0.0,0.0,1.0,0.0,0.0,Unsafe Speed,4468597.0,Station Wagon/Sport Utility Vehicle,40.5854046,-73.9390439,"{'latitude': 40.5854046, 'longitude': -73.9390439, 'human_address': '{""address"": """", ""city"": """", ""state"": """", ""zip"": """"}'}",NOSTRAND AVENUE,,,SHORE PARKWAY,Pedestrian/Bicyclist/Other Pedestrian Error/Confusion,Bike,,,,,,,2021.0
21598,2021-11-03T00:00:00.000,2025-11-21 08:35:00,,0.0,1.0,0.0,0.0,0.0,1.0,0.0,0.0,Unspecified,4474072.0,Box Truck,40.741047,-73.91818,"{'latitude': 40.741047, 'longitude': -73.91818, 'human_address': '{""address"": """", ""city"": """", ""state"": """", ""zip"": """"}'}",47 AVENUE,QUEENS,11377.0,47 STREET,Unspecified,Bike,,,,,,,2021.0
22805,2022-05-05T00:00:00.000,2025-11-21 08:23:00,,0.0,1.0,0.0,0.0,0.0,1.0,0.0,0.0,Unspecified,4525008.0,Garbage or Refuse,40.647068,-73.993935,"{'latitude': 40.647068, 'longitude': -73.993935, 'human_address': '{""address"": """", ""city"": """", ""state"": """", ""zip"": """"}'}",9 AVENUE,,,,Unspecified,Bike,,,,,,,2022.0
23254,2022-07-26T00:00:00.000,2025-11-21 10:49:00,,0.0,1.0,0.0,0.0,0.0,1.0,0.0,0.0,Pedestrian/Bicyclist/Other Pedestrian Error/Confusion,4549643.0,Tractor Truck Gasoline,40.780174,-73.95932,"{'latitude': 40.780174, 'longitude': -73.95932, 'human_address': '{""address"": """", ""city"": """", ""state"": """", ""zip"": """"}'}",EAST 85 STREET,MANHATTAN,10028.0,MADISON AVENUE,Unspecified,Bike,,,,,,,2022.0
23364,2022-05-26T00:00:00.000,2025-11-21 12:56:00,,0.0,1.0,0.0,0.0,0.0,1.0,0.0,0.0,Unspecified,4531579.0,Tow Truck / Wrecker,,,,BRUCKNER BOULEVARD,,,EAST 136 STREET,Unspecified,Bike,,,,,,,2022.0
23390,2022-05-28T00:00:00.000,2025-11-21 10:39:00,,0.0,1.0,0.0,0.0,0.0,1.0,0.0,0.0,Unspecified,4532460.0,Bus,40.681927,-73.72874,"{'latitude': 40.681927, 'longitude': -73.72874, 'human_address': '{""address"": """", ""city"": """", ""state"": """", ""zip"": """"}'}",128 AVENUE,QUEENS,11422.0,238 STREET,Unspecified,Bike,,,,,,,2022.0
24174,2022-06-21T00:00:00.000,2025-11-21 22:46:00,,0.0,1.0,0.0,0.0,0.0,1.0,0.0,0.0,Traffic Control Disregarded,4539610.0,Sedan,40.63693,-73.91109,"{'latitude': 40.63693, 'longitude': -73.91109, 'human_address': '{""address"": """", ""city"": """", ""state"": """", ""zip"": """"}'}",EAST 83 STREET,BROOKLYN,11236.0,FLATLANDS AVENUE,Unspecified,Bike,,,,,,,2022.0
24213,2022-10-12T00:00:00.000,2025-11-21 07:00:00,,0.0,1.0,0.0,0.0,0.0,1.0,0.0,0.0,Passing or Lane Usage Improper,4572613.0,Tractor Truck Diesel,40.65319,-73.96622,"{'latitude': 40.65319, 'longitude': -73.96622, 'human_address': '{""address"": """", ""city"": """", ""state"": """", ""zip"": """"}'}",PARKSIDE AVENUE,,,,Unspecified,Bike,Unspecified,Flat Bed,,,,,2022.0
24244,2023-05-01T00:00:00.000,2025-11-21 11:32:00,,0.0,1.0,0.0,0.0,0.0,1.0,0.0,0.0,Failure to Yield Right-of-Way,4625373.0,Dump,40.686996,-73.95685,"{'latitude': 40.686996, 'longitude': -73.95685, 'human_address': '{""address"": """", ""city"": """", ""state"": """", ""zip"": """"}'}",FRANKLIN AVENUE,BROOKLYN,11238.0,LEXINGTON AVENUE,Unspecified,Bike,,,,,,,2023.0
25652,2022-11-24T00:00:00.000,2025-11-21 11:37:00,,0.0,1.0,0.0,0.0,0.0,1.0,0.0,0.0,Unspecified,4585695.0,Tanker,,,,LIBERTY AVENUE,,,VANWYCK EXPRESSWAY,Unspecified,Bike,,,,,,,2022.0
26007,2023-03-04T00:00:00.000,2025-11-21 21:33:00,,0.0,1.0,0.0,0.0,0.0,1.0,0.0,0.0,Traffic Control Disregarded,4610630.0,Station Wagon/Sport Utility Vehicle,40.810352,-73.91761,"{'latitude': 40.810352, 'longitude': -73.91761, 'human_address': '{""address"": """", ""city"": """", ""state"": """", ""zip"": """"}'}",EAST 142 STREET,BRONX,10454.0,BROOK AVENUE,,Bike,,,,,,,2023.0
26336,2023-01-05T00:00:00.000,2025-11-21 17:04:00,,0.0,1.0,0.0,0.0,0.0,1.0,0.0,0.0,Unspecified,4595961.0,Concrete Mixer,40.772987,-73.9164,"{'latitude': 40.772987, 'longitude': -73.9164, 'human_address': '{""address"": """", ""city"": """", ""state"": """", ""zip"": """"}'}",24 AVENUE,QUEENS,11102.0,29 STREET,Unspecified,Bike,,,,,,,2023.0
26359,2023-01-10T00:00:00.000,2025-11-21 07:20:00,,0.0,1.0,0.0,0.0,0.0,1.0,0.0,0.0,Unspecified,4596866.0,Box Truck,40.672604,-73.993385,"{'latitude': 40.672604, 'longitude': -73.993385, 'human_address': '{""address"": """", ""city"": """", ""state"": """", ""zip"": """"}'}",9 STREET,BROOKLYN,11215.0,2 AVENUE,Unspecified,Bike,,,,,,,2023.0
26850,2023-04-10T00:00:00.000,2025-11-21 21:35:00,,0.0,1.0,0.0,0.0,0.0,1.0,0.0,0.0,Failure to Yield Right-of-Way,4619930.0,Station Wagon/Sport Utility Vehicle,40.78228,-73.914604,"{'latitude': 40.78228, 'longitude': -73.914604, 'human_address': '{""address"": """", ""city"": """", ""state"": """", ""zip"": """"}'}",21 STREET,QUEENS,11105.0,21 AVENUE,Unspecified,Bike,,,,,,,2023.0
27198,2023-05-26T00:00:00.000,2025-11-21 21:19:00,,0.0,1.0,0.0,0.0,0.0,1.0,0.0,0.0,Unspecified,4633095.0,Station Wagon/Sport Utility Vehicle,40.60739,-73.943214,"{'latitude': 40.60739, 'longitude': -73.943214, 'human_address': '{""address"": """", ""city"": """", ""state"": """", ""zip"": """"}'}",NOSTRAND AVENUE,BROOKLYN,11229.0,AVENUE R,Unspecified,Bike,,,,,,,2023.0
27313,2023-06-16T00:00:00.000,2025-11-21 12:39:00,,0.0,1.0,0.0,0.0,0.0,1.0,0.0,0.0,Pedestrian/Bicyclist/Other Pedestrian Error/Confusion,4638333.0,Box Truck,40.73321,-73.981064,"{'latitude': 40.73321, 'longitude': -73.981064, 'human_address': '{""address"": """", ""city"": """", ""state"": """", ""zip"": """"}'}",1 AVENUE,MANHATTAN,10009.0,EAST 17 STREET,Unspecified,Bike,,,,,,,2023.0
28384,2023-09-21T00:00:00.000,2025-11-21 15:13:00,,0.0,1.0,0.0,0.0,0.0,1.0,0.0,0.0,Unspecified,4664589.0,Bus,40.642204,-73.991936,"{'latitude': 40.642204, 'longitude': -73.991936, 'human_address': '{""address"": """", ""city"": """", ""state"": """", ""zip"": """"}'}",FORT HAMILTON PARKWAY,BROOKLYN,11218.0,41 STREET,Unspecified,Bike,,,,,,,2023.0
28603,2023-10-04T00:00:00.000,2025-11-21 10:08:00,,0.0,1.0,0.0,0.0,0.0,1.0,0.0,0.0,Driver Inattention/Distraction,4668084.0,Box Truck,40.65525,-73.952965,"{'latitude': 40.65525, 'longitude': -73.952965, 'human_address': '{""address"": """", ""city"": """", ""state"": """", ""zip"": """"}'}",CLARKSON AVENUE,BROOKLYN,11226.0,ROGERS AVENUE,Unspecified,Bike,,,,,,,2023.0
28989,2024-02-22T00:00:00.000,2025-11-21 20:08:00,,0.0,1.0,0.0,0.0,0.0,1.0,0.0,0.0,Pedestrian/Bicyclist/Other Pedestrian Error/Confusion,4705063.0,Box Truck,40.72852,-73.90573,"{'latitude': 40.72852, 'longitude': -73.90573, 'human_address': '{""address"": """", ""city"": """", ""state"": """", ""zip"": """"}'}",MAURICE AVENUE,,,,Unspecified,Bike,,,,,,,2024.0
29150,2023-08-26T00:00:00.000,2025-11-21 12:30:00,,0.0,1.0,0.0,0.0,0.0,1.0,0.0,0.0,Failure to Yield Right-of-Way,4657218.0,Sedan,40.617516,-74.068665,"{'latitude': 40.617516, 'longitude': -74.068665, 'human_address': '{""address"": """", ""city"": """", ""state"": """", ""zip"": """"}'}",CHESTNUT AVENUE,STATEN ISLAND,10305.0,BAY STREET,Alcohol Involvement,Bike,,,,,,,2023.0
29761,2023-12-30T00:00:00.000,2025-11-21 10:06:00,,0.0,1.0,0.0,0.0,0.0,1.0,0.0,0.0,Traffic Control Disregarded,4691254.0,Sedan,40.742706,-73.984535,"{'latitude': 40.742706, 'longitude': -73.984535, 'human_address': '{""address"": """", ""city"": """", ""state"": """", ""zip"": """"}'}",PARK AVENUE SOUTH,MANHATTAN,10016.0,EAST 27 STREET,Unspecified,Bike,,,,,,,2023.0
30200,2024-04-18T00:00:00.000,2025-11-21 15:30:00,,0.0,1.0,0.0,0.0,0.0,1.0,0.0,0.0,Turning Improperly,4718424.0,Station Wagon/Sport Utility Vehicle,40.58196,-73.959946,"{'latitude': 40.58196, 'longitude': -73.959946, 'human_address': '{""address"": """", ""city"": """", ""state"": """", ""zip"": """"}'}",NEPTUNE AVENUE,BROOKLYN,11235.0,CONEY ISLAND AVENUE,Unspecified,Bike,,,,,,,2024.0
30234,2024-03-13T00:00:00.000,2025-11-21 14:29:00,1608      AVENUE O,0.0,1.0,0.0,0.0,0.0,1.0,0.0,0.0,Unspecified,4709603.0,Station Wagon/Sport Utility Vehicle,40.61307,-73.957954,"{'latitude': 40.61307, 'longitude': -73.957954, 'human_address': '{""address"": """", ""city"": """", ""state"": """", ""zip"": """"}'}",,BROOKLYN,11230.0,,Unspecified,Bike,,,,,,,2024.0
30352,2024-06-10T00:00:00.000,2025-11-21 09:15:00,,0.0,1.0,0.0,0.0,0.0,1.0,0.0,0.0,Driver Inattention/Distraction,4731666.0,Station Wagon/Sport Utility Vehicle,40.759895,-73.823944,"{'latitude': 40.759895, 'longitude': -73.823944, 'human_address': '{""address"": """", ""city"": """", ""state"": """", ""zip"": """"}'}",41 AVENUE,QUEENS,11355.0,BOWNE STREET,Unspecified,Bike,,,,,,,2024.0
31195,2020-12-25T00:00:00.000,2025-11-21 00:12:00,,0.0,1.0,0.0,0.0,0.0,1.0,0.0,0.0,Alcohol Involvement,4381549.0,Flat Bed,40.662132,-73.999275,"{'latitude': 40.662132, 'longitude': -73.999275}",24 STREET                       ,BROOKLYN,11232.0,3 AVENUE,Unspecified,Bike,,,,,,,2020.0
31351,2020-12-23T00:00:00.000,2025-11-21 19:34:00,,0.0,1.0,0.0,0.0,0.0,1.0,0.0,0.0,Pedestrian/Bicyclist/Other Pedestrian Error/Confusion,4379372.0,Bus,40.71453,-73.9444,"{'latitude': 40.71453, 'longitude': -73.9444}",GRAHAM AVENUE                   ,BROOKLYN,11211.0,METROPOLITAN AVENUE,Unspecified,Bike,,,,,,,2020.0
31385,2020-12-11T00:00:00.000,2025-11-21 07:26:00,,0.0,1.0,0.0,0.0,0.0,1.0,0.0,0.0,Passing or Lane Usage Improper,4375361.0,Box Truck,40.797306,-73.93446,"{'latitude': 40.797306, 'longitude': -73.93446}",1 AVENUE                        ,MANHATTAN,10035.0,EAST 118 STREET,Unspecified,Bike,Unspecified,Sedan,,,,,2020.0
31476,2021-01-07T00:00:00.000,2025-11-21 00:48:00,,0.0,1.0,0.0,0.0,0.0,1.0,0.0,0.0,Pedestrian/Bicyclist/Other Pedestrian Error/Confusion,4382059.0,Taxi,40.814934,-73.91496,"{'latitude': 40.814934, 'longitude': -73.91496}",EAST 149 STREET                 ,,,,Unspecified,Bike,,,,,,,2021.0
31596,2020-11-28T00:00:00.000,2025-11-21 20:45:00,,0.0,1.0,0.0,0.0,0.0,1.0,0.0,0.0,Driver Inattention/Distraction,4372727.0,Convertible,,,,tunnel exit street              ,MANHATTAN,10016.0,east 38 street,Unspecified,Bike,,,,,,,2020.0
31599,2020-11-07T00:00:00.000,2025-11-21 00:59:00,,0.0,1.0,0.0,0.0,0.0,1.0,0.0,0.0,Driver Inattention/Distraction,4365099.0,Station Wagon/Sport Utility Vehicle,40.68419,-73.8703,"{'latitude': 40.68419, 'longitude': -73.8703}",AUTUMN AVENUE                   ,BROOKLYN,11208.0,FULTON STREET,Unspecified,Bike,,,,,,,2020.0
31742,2020-11-01T00:00:00.000,2025-11-21 16:27:00,,0.0,1.0,0.0,0.0,0.0,1.0,0.0,0.0,Driver Inattention/Distraction,4363262.0,Station Wagon/Sport Utility Vehicle,40.784943,-73.946594,"{'latitude': 40.784943, 'longitude': -73.946594}",EAST 97 STREET                  ,MANHATTAN,10029.0,2 AVENUE,Unspecified,Bike,,,,,,,2020.0
31862,2020-11-05T00:00:00.000,2025-11-21 13:44:00,,0.0,1.0,0.0,0.0,0.0,1.0,0.0,0.0,Passing or Lane Usage Improper,4365518.0,Tractor Truck Diesel,40.804695,-73.92239,"{'latitude': 40.804695, 'longitude': -73.92239000000001}",BRUCKNER BOULEVARD              ,BRONX,10454.0,BROWN PLACE,Unspecified,Bike,,,,,,,2020.0
32260,2020-09-10T00:00:00.000,2025-11-21 00:35:00,,0.0,1.0,0.0,0.0,0.0,1.0,0.0,0.0,Pedestrian/Bicyclist/Other Pedestrian Error/Confusion,4346641.0,Sedan,40.61462,-73.968666,"{'latitude': 40.61462, 'longitude': -73.968666}",OCEAN PARKWAY                   ,BROOKLYN,11230.0,AVENUE N,Unspecified,Bike,,,,,,,2020.0
32544,2020-09-04T00:00:00.000,2025-11-21 09:32:00,,0.0,1.0,0.0,0.0,0.0,1.0,0.0,0.0,Driver Inattention/Distraction,4344891.0,Sedan,40.8252,-73.867714,"{'latitude': 40.8252, 'longitude': -73.867714}",BRUCKNER BOULEVARD              ,,,ROSEDALE AVENUE,Pedestrian/Bicyclist/Other Pedestrian Error/Confusion,Bike,,,,,,,2020.0
32576,2020-10-03T00:00:00.000,2025-11-21 07:40:00,,1.0,1.0,0.0,0.0,0.0,1.0,1.0,0.0,Unsafe Speed,4354880.0,Motorcycle,40.644455,-74.0183,"{'latitude': 40.644455, 'longitude': -74.0183}",3 AVENUE                        ,BROOKLYN,11220.0,56 STREET,Traffic Control Disregarded,Bike,,,,,,,2020.0
32652,2020-09-07T00:00:00.000,2025-11-21 00:35:00,,0.0,1.0,0.0,0.0,0.0,1.0,0.0,0.0,Pedestrian/Bicyclist/Other Pedestrian Error/Confusion,4345623.0,Bus,40.70113,-73.96087,"{'latitude': 40.70113, 'longitude': -73.96087}",WILLIAMSBURG STREET EAST        ,BROOKLYN,11249.0,WYTHE AVENUE,Unspecified,Bike,,,,,,,2020.0
32939,2020-09-02T00:00:00.000,2025-11-21 23:23:00,,0.0,1.0,0.0,0.0,0.0,1.0,0.0,0.0,Traffic Control Disregarded,4344340.0,Bus,40.756996,-73.90784,"{'latitude': 40.756996, 'longitude': -73.90784}",31 AVENUE                       ,QUEENS,11377.0,51 STREET,Unspecified,Bike,,,,,,,2020.0
33192,2020-07-10T00:00:00.000,2025-11-21 10:12:00,AVENUE L                                ,0.0,1.0,0.0,0.0,0.0,1.0,0.0,0.0,Driver Inattention/Distraction,4328970.0,Taxi,40.634815,-73.901276,"{'latitude': 40.634815, 'longitude': -73.901276}",,,,,Unspecified,Bike,,,,,,,2020.0
33545,2020-08-15T00:00:00.000,2025-11-21 05:41:00,,0.0,1.0,0.0,0.0,0.0,1.0,0.0,0.0,Traffic Control Disregarded,4338478.0,Sedan,40.833843,-73.94851,"{'latitude': 40.833843, 'longitude': -73.94851}",WEST 155 STREET                 ,MANHATTAN,10032.0,RIVERSIDE DRIVE,Unspecified,Bike,,,,,,,2020.0
33737,2020-08-07T00:00:00.000,2025-11-21 14:30:00,,0.0,1.0,0.0,0.0,0.0,1.0,0.0,0.0,Unspecified,4336574.0,Station Wagon/Sport Utility Vehicle,40.8344,-73.87276,"{'latitude': 40.8344, 'longitude': -73.87276}",EAST 174 STREET                 ,BRONX,10472.0,FTELEY AVENUE,Unspecified,Bike,,,,,,,2020.0
33907,2020-06-11T00:00:00.000,2025-11-21 16:53:00,,0.0,1.0,0.0,0.0,0.0,1.0,0.0,0.0,Pedestrian/Bicyclist/Other Pedestrian Error/Confusion,4319421.0,Box Truck,40.812622,-73.92934,"{'latitude': 40.812622, 'longitude': -73.92934}",PARK AVENUE                     ,,,,Unspecified,Bike,,,,,,,2020.0
34064,2020-06-20T00:00:00.000,2025-11-21 17:07:00,,0.0,1.0,0.0,0.0,0.0,1.0,0.0,0.0,Pedestrian/Bicyclist/Other Pedestrian Error/Confusion,4321576.0,Station Wagon/Sport Utility Vehicle,,,,SHORE ROAD                      ,,,CITY ISLAND ROAD,Unspecified,Bike,,,,,,,2020.0
34244,2020-04-28T00:00:00.000,2025-11-21 16:33:00,,0.0,1.0,0.0,0.0,0.0,1.0,0.0,0.0,Pedestrian/Bicyclist/Other Pedestrian Error/Confusion,4310960.0,Bus,40.643063,-73.95166,"{'latitude': 40.643063, 'longitude': -73.95166}",ROGERS AVENUE                   ,BROOKLYN,11226.0,CLARENDON ROAD,Unspecified,Bike,,,,,,,2020.0
34258,2020-06-05T00:00:00.000,2025-11-21 19:45:00,,0.0,1.0,0.0,0.0,0.0,1.0,0.0,0.0,Unspecified,4318417.0,Taxi,40.809105,-73.9229,"{'latitude': 40.809105, 'longitude': -73.9229}",EAST 138 STREET                 ,BRONX,10454.0,WILLIS AVENUE,Unspecified,Bike,,,,,,,2020.0
34272,2020-05-05T00:00:00.000,2025-11-21 10:18:00,,0.0,1.0,0.0,0.0,0.0,1.0,0.0,0.0,Backing Unsafely,4312935.0,Taxi,40.73136,-73.98257,"{'latitude': 40.73136, 'longitude': -73.98257}",EAST 14 STREET                  ,,,,Unspecified,Bike,,,,,,,2020.0
34484,2020-05-22T00:00:00.000,2025-11-21 08:20:00,,0.0,1.0,0.0,0.0,0.0,1.0,0.0,0.0,Failure to Yield Right-of-Way,4315124.0,Pick-up Truck,40.602074,-74.1672,"{'latitude': 40.602074, 'longitude': -74.1672}",ARLENE STREET                   ,,,SIGNS ROAD,Traffic Control Disregarded,Bike,,,,,,,2020.0
34990,2020-01-30T00:00:00.000,2025-11-21 14:39:00,,0.0,1.0,0.0,0.0,0.0,1.0,0.0,0.0,Driver Inattention/Distraction,4282767.0,Flat Rack,,,,VANDERVOORT AVENUE              ,BROOKLYN,11211.0,REWE STREET,Unspecified,Bike,Unspecified,Pick-up Truck,Unspecified,Unspecified,Sedan,Sedan,2020.0
35050,2019-12-18T00:00:00.000,2025-11-21 07:48:00,,0.0,1.0,0.0,0.0,0.0,1.0,0.0,0.0,Pavement Slippery,4260442.0,Bus,40.78858,-73.955284,"{'latitude': 40.78858, 'longitude': -73.955284}",TRANSVERSE ROAD NUMBER FOUR     ,,,,Unspecified,Bike,,,,,,,2019.0
35680,2019-11-09T00:00:00.000,2025-11-21 02:33:00,,0.0,1.0,0.0,0.0,0.0,1.0,0.0,0.0,Traffic Control Disregarded,4239304.0,Dump,40.801754,-73.93121,"{'latitude': 40.801754, 'longitude': -73.93121}",1 AVENUE                        ,,,EAST 125 STREET,Unspecified,Bike,,,,,,,2019.0
35728,2019-10-30T00:00:00.000,2025-11-21 10:09:00,,0.0,1.0,0.0,0.0,0.0,1.0,0.0,0.0,Pedestrian/Bicyclist/Other Pedestrian Error/Confusion,4236734.0,Station Wagon/Sport Utility Vehicle,40.6094,-73.967674,"{'latitude': 40.6094, 'longitude': -73.967674}",OCEAN PARKWAY                   ,BROOKLYN,11230.0,AVENUE P,Unspecified,Bike,,,,,,,2019.0
35800,2019-10-13T00:00:00.000,2025-11-21 13:27:00,,0.0,1.0,0.0,0.0,0.0,1.0,0.0,0.0,Pedestrian/Bicyclist/Other Pedestrian Error/Confusion,4227325.0,Station Wagon/Sport Utility Vehicle,40.612522,-73.81978,"{'latitude': 40.612522, 'longitude': -73.81978}",CROSS BAY BOULEVARD             ,QUEENS,11693.0,EAST 4 ROAD,Unspecified,Bike,,,,,,,2019.0
36018,2019-09-21T00:00:00.000,2025-11-21 13:54:00,,0.0,1.0,0.0,0.0,0.0,1.0,0.0,0.0,Unspecified,4210973.0,Dump,40.740913,-73.95226,"{'latitude': 40.740913, 'longitude': -73.95226}",BORDEN AVENUE                   ,QUEENS,11101.0,11 STREET,Unspecified,Bike,,,,,,,2019.0
36125,2019-10-05T00:00:00.000,2025-11-21 10:33:00,,0.0,1.0,0.0,0.0,0.0,1.0,0.0,0.0,Failure to Yield Right-of-Way,4225519.0,Pick-up Truck,40.628803,-73.97404,"{'latitude': 40.628803, 'longitude': -73.97404}",SETON PLACE                     ,,,FOSTER AVENUE,Unspecified,Bike,,,,,,,2019.0
36709,2019-08-11T00:00:00.000,2025-11-21 12:27:00,,1.0,1.0,0.0,0.0,0.0,1.0,1.0,0.0,Unsafe Speed,4188033.0,Sedan,40.619984,-73.96427,"{'latitude': 40.619984, 'longitude': -73.96427}",CONEY ISLAND AVENUE             ,BROOKLYN,11230.0,AVENUE L,Unspecified,Bike,Unspecified,Station Wagon/Sport Utility Vehicle,,,,,2019.0
36742,2019-07-23T00:00:00.000,2025-11-21 12:00:00,,0.0,1.0,0.0,0.0,0.0,1.0,0.0,0.0,Traffic Control Disregarded,4175816.0,Tow Truck / Wrecker,40.633858,-74.12596,"{'latitude': 40.633858, 'longitude': -74.12596}",CLOVE ROAD                      ,STATEN ISLAND,10310.0,CASTLETON AVENUE,Unspecified,Bike,,,,,,,2019.0
36937,2019-07-29T00:00:00.000,2025-11-21 08:41:00,,0.0,1.0,0.0,0.0,0.0,1.0,0.0,0.0,Driver Inattention/Distraction,4179197.0,Station Wagon/Sport Utility Vehicle,40.656124,-74.00591,"{'latitude': 40.656124, 'longitude': -74.00591}",3 AVENUE                        ,BROOKLYN,11232.0,35 STREET,Unspecified,Bike,Unspecified,Tractor Truck Diesel,,,,,2019.0
36984,2019-07-23T00:00:00.000,2025-11-21 15:51:00,,0.0,1.0,0.0,0.0,0.0,1.0,0.0,0.0,Unspecified,4175814.0,Box Truck,40.7263,-73.94913,"{'latitude': 40.7263, 'longitude': -73.94913}",MC GUINNESS BOULEVARD           ,BROOKLYN,11222.0,NORMAN AVENUE,Unspecified,Bike,,,,,,,2019.0
37446,2019-06-27T00:00:00.000,2025-11-21 20:59:00,,1.0,1.0,0.0,0.0,0.0,1.0,1.0,0.0,Driver Inattention/Distraction,4163415.0,Station Wagon/Sport Utility Vehicle,40.667027,-73.911026,"{'latitude': 40.667027, 'longitude': -73.911026}",CHESTER STREET                  ,BROOKLYN,11212.0,SUTTER AVENUE,Traffic Control Disregarded,Bike,,,,,,,2019.0
37514,2019-07-01T00:00:00.000,2025-11-21 12:23:00,,0.0,1.0,0.0,0.0,0.0,1.0,0.0,0.0,Unspecified,4163168.0,Concrete Mixer,40.70621,-73.939606,"{'latitude': 40.70621, 'longitude': -73.939606}",BOERUM STREET                   ,BROOKLYN,11206.0,BUSHWICK AVENUE,Unspecified,Bike,,,,,,,2019.0
37592,2019-06-24T00:00:00.000,2025-11-21 09:24:00,,0.0,1.0,0.0,0.0,0.0,1.0,0.0,0.0,Unsafe Lane Changing,4158019.0,Box Truck,,,,AVENUE OF AMERICAS              ,MANHATTAN,10010.0,WEST 23 STREET,Unspecified,Bike,,,,,,,2019.0
37825,2019-06-09T00:00:00.000,2025-11-21 22:37:00,,2.0,1.0,0.0,0.0,0.0,1.0,2.0,0.0,Alcohol Involvement,4148419.0,Sedan,40.65375,-73.90166,"{'latitude': 40.65375, 'longitude': -73.90166}",AVENUE D                        ,,,,Unspecified,Bike,,,,,,,2019.0
38027,2019-05-11T00:00:00.000,2025-11-21 17:25:00,,0.0,1.0,0.0,0.0,0.0,1.0,0.0,0.0,Traffic Control Disregarded,4129647.0,Station Wagon/Sport Utility Vehicle,40.67657,-73.94431,"{'latitude': 40.67657, 'longitude': -73.94431}",DEAN STREET                     ,BROOKLYN,11216.0,BROOKLYN AVENUE,Unspecified,Bike,,,,,,,2019.0
38299,2019-05-12T00:00:00.000,2025-11-21 20:19:00,,0.0,1.0,0.0,0.0,0.0,1.0,0.0,0.0,Pedestrian/Bicyclist/Other Pedestrian Error/Confusion,4130445.0,Station Wagon/Sport Utility Vehicle,40.605072,-73.92988,"{'latitude': 40.605072, 'longitude': -73.92988}",AVENUE U                        ,,,,Unspecified,Bike,,,,,,,2019.0
38644,2019-04-17T00:00:00.000,2025-11-21 17:31:00,,0.0,1.0,0.0,0.0,0.0,1.0,0.0,0.0,Driver Inattention/Distraction,4116560.0,Box Truck,40.630672,-73.981895,"{'latitude': 40.630672, 'longitude': -73.981895}",47 STREET                       ,,,,Unspecified,Bike,,,,,,,2019.0
38960,2019-03-14T00:00:00.000,2025-11-21 07:52:00,,0.0,1.0,0.0,0.0,0.0,1.0,0.0,0.0,Traffic Control Disregarded,4096754.0,Sedan,40.74223,-73.95885,"{'latitude': 40.74223, 'longitude': -73.95885}",BORDEN AVENUE                   ,QUEENS,11101.0,2 STREET,Unspecified,Bike,,,,,,,2019.0
39005,2019-02-04T00:00:00.000,2025-11-21 05:50:00,,0.0,1.0,0.0,0.0,0.0,1.0,0.0,0.0,Driver Inattention/Distraction,4074720.0,Tanker,40.759163,-73.988396,"{'latitude': 40.759163, 'longitude': -73.988396}",8 AVENUE                        ,MANHATTAN,10036.0,WEST 45 STREET,Unspecified,Bike,,,,,,,2019.0
39029,2019-02-28T00:00:00.000,2025-11-21 23:36:00,,0.0,1.0,0.0,0.0,0.0,1.0,0.0,0.0,Unspecified,4091103.0,Tanker,40.70801,-73.95673,"{'latitude': 40.70801, 'longitude': -73.95673}",BROADWAY                        ,BROOKLYN,11211.0,RODNEY STREET,Unspecified,Bike,,,,,,,2019.0
39381,2019-01-26T00:00:00.000,2025-11-21 18:48:00,,0.0,1.0,0.0,0.0,0.0,1.0,0.0,0.0,Driver Inattention/Distraction,4069339.0,Station Wagon/Sport Utility Vehicle,40.60438,-73.973976,"{'latitude': 40.60438, 'longitude': -73.973976}",KINGS HIGHWAY                   ,BROOKLYN,11223.0,VAN SICKLEN STREET,Unspecified,Bike,,,,,,,2019.0
39464,2019-01-04T00:00:00.000,2025-11-21 03:55:00,,0.0,1.0,0.0,0.0,0.0,1.0,0.0,0.0,Unsafe Speed,4061640.0,Van,40.668667,-73.868324,"{'latitude': 40.668667, 'longitude': -73.868324}",LINDEN BOULEVARD                ,BROOKLYN,11208.0,CRESCENT STREET,Pedestrian/Bicyclist/Other Pedestrian Error/Confusion,Bike,,,,,,,2019.0
41781,2018-06-18T00:00:00.000,2025-11-21 11:20:00,2402      ATLANTIC AVENUE               ,0.0,1.0,0.0,0.0,0.0,1.0,0.0,0.0,Driver Inattention/Distraction,3925115.0,Taxi,40.67611,-73.905594,"{'latitude': 40.67611, 'longitude': -73.905594}",,BROOKLYN,11233.0,,Unspecified,Bike,Unspecified,Station Wagon/Sport Utility Vehicle,,,,,2018.0
42096,2018-05-29T00:00:00.000,2025-11-21 14:53:00,,0.0,1.0,0.0,0.0,0.0,1.0,0.0,0.0,Driver Inattention/Distraction,3911255.0,Sedan,40.745975,-73.948074,"{'latitude': 40.745975, 'longitude': -73.948074}",21 STREET                       ,,,,Unspecified,Bike,Unspecified,Box Truck,,,,,2018.0
42296,2018-04-23T00:00:00.000,2025-11-21 22:38:00,,0.0,1.0,0.0,0.0,0.0,1.0,0.0,0.0,Driver Inattention/Distraction,3886477.0,Box Truck,40.844524,-73.902725,"{'latitude': 40.844524, 'longitude': -73.902725}",WEBSTER AVENUE                  ,,,CROSS BRONX EXPRESSWAY,Unspecified,Bike,,,,,,,2018.0
42566,2018-04-20T00:00:00.000,2025-11-21 21:37:00,75        LASALLE STREET                ,0.0,1.0,0.0,0.0,0.0,1.0,0.0,0.0,Reaction to Uninvolved Vehicle,3886232.0,Station Wagon/Sport Utility Vehicle,40.813347,-73.958626,"{'latitude': 40.813347, 'longitude': -73.958626}",,MANHATTAN,10027.0,,Unspecified,Bike,,,,,,,2018.0
43029,2018-01-26T00:00:00.000,2025-11-21 17:29:00,,0.0,1.0,0.0,0.0,0.0,1.0,0.0,0.0,Unspecified,3835682.0,Tanker,40.684963,-73.935455,"{'latitude': 40.684963, 'longitude': -73.935455}",LEWIS AVENUE                    ,BROOKLYN,11221.0,JEFFERSON AVENUE,Unspecified,Bike,,,,,,,2018.0
43167,2017-12-19T00:00:00.000,2025-11-21 11:50:00,,0.0,1.0,0.0,0.0,0.0,1.0,0.0,0.0,Pedestrian/Bicyclist/Other Pedestrian Error/Confusion,3814211.0,Tractor Truck Diesel,40.71453,-73.9444,"{'latitude': 40.71453, 'longitude': -73.9444}",METROPOLITAN AVENUE             ,,,,Unspecified,Bike,,,,,,,2017.0
43365,2017-11-17T00:00:00.000,2025-11-21 14:43:00,,0.0,1.0,0.0,0.0,0.0,1.0,0.0,0.0,Pedestrian/Bicyclist/Other Pedestrian Error/Confusion,3794170.0,Sedan,40.719543,-73.85914,"{'latitude': 40.719543, 'longitude': -73.85914}",FLEET STREET                    ,QUEENS,11374.0,ALDERTON STREET,Unspecified,Bike,,,,,,,2017.0
43426,2017-11-28T00:00:00.000,2025-11-21 13:49:00,,0.0,1.0,0.0,0.0,0.0,1.0,0.0,0.0,Pedestrian/Bicyclist/Other Pedestrian Error/Confusion,3799402.0,Sedan,,,,11 AVENUE                       ,MANHATTAN,10001.0,WEST 30 STREET,Unspecified,Bike,,,,,,,2017.0
44109,2017-09-14T00:00:00.000,2025-11-21 17:45:00,,0.0,1.0,0.0,0.0,0.0,1.0,0.0,0.0,Driver Inattention/Distraction,3749952.0,Box Truck,40.718628,-74.00255,"{'latitude': 40.718628, 'longitude': -74.00255}",WALKER STREET                   ,MANHATTAN,10013.0,BROADWAY,Pedestrian/Bicyclist/Other Pedestrian Error/Confusion,Bike,,,,,,,2017.0
44253,2017-09-01T00:00:00.000,2025-11-21 18:17:00,,0.0,1.0,0.0,0.0,0.0,1.0,0.0,0.0,Unsafe Speed,3742517.0,Sedan,40.607258,-73.96727,"{'latitude': 40.607258, 'longitude': -73.96727}",QUENTIN ROAD                    ,BROOKLYN,11223.0,OCEAN PARKWAY,Traffic Control Disregarded,Bike,,,,,,,2017.0
44277,2017-09-14T00:00:00.000,2025-11-21 07:16:00,,0.0,1.0,0.0,0.0,0.0,1.0,0.0,0.0,Traffic Control Disregarded,3750308.0,Sedan,40.663555,-73.93162,"{'latitude': 40.663555, 'longitude': -73.93162}",EMPIRE BOULEVARD                ,BROOKLYN,11213.0,UTICA AVENUE,Unspecified,Bike,,,,,,,2017.0
44508,2017-08-14T00:00:00.000,2025-11-21 07:30:00,,0.0,1.0,0.0,0.0,0.0,1.0,0.0,0.0,Unspecified,3732510.0,Bus,40.643456,-73.972725,"{'latitude': 40.643456, 'longitude': -73.972725}",BEVERLEY ROAD                   ,BROOKLYN,11218.0,EAST 7 STREET,Unspecified,Bike,,,,,,,2017.0
45307,2017-06-12T00:00:00.000,2025-11-21 08:15:00,,0.0,1.0,0.0,0.0,0.0,1.0,0.0,0.0,Driver Inattention/Distraction,3690274.0,Bus,40.747204,-73.99711,"{'latitude': 40.747203999999996, 'longitude': -73.99711}",WEST 26 STREET                  ,,,,Pedestrian/Bicyclist/Other Pedestrian Error/Confusion,Bike,,,,,,,2017.0
45423,2017-06-29T00:00:00.000,2025-11-21 00:07:00,,0.0,1.0,0.0,0.0,0.0,1.0,0.0,0.0,Pedestrian/Bicyclist/Other Pedestrian Error/Confusion,3701413.0,Box Truck,40.767815,-73.98951,"{'latitude': 40.767815, 'longitude': -73.98951}",10 AVENUE                       ,MANHATTAN,10019.0,WEST 55 STREET,Unspecified,Bike,,,,,,,2017.0
45544,2017-06-30T00:00:00.000,2025-11-21 03:28:00,,0.0,1.0,0.0,0.0,0.0,1.0,0.0,0.0,Traffic Control Disregarded,3702495.0,Station Wagon/Sport Utility Vehicle,40.694305,-73.91852,"{'latitude': 40.694305, 'longitude': -73.91852}",CENTRAL AVENUE                  ,BROOKLYN,11221.0,LINDEN STREET,Unspecified,Bike,,,,,,,2017.0
45638,2017-06-26T00:00:00.000,2025-11-21 06:45:00,,0.0,1.0,0.0,0.0,0.0,1.0,0.0,0.0,Pedestrian/Bicyclist/Other Pedestrian Error/Confusion,3699681.0,Taxi,40.716194,-73.996086,"{'latitude': 40.716194, 'longitude': -73.996086}",BOWERY                          ,,,CANAL STREET,Unspecified,Bike,,,,,,,2017.0
46286,2017-04-24T00:00:00.000,2025-11-21 23:08:00,,0.0,1.0,0.0,0.0,0.0,1.0,0.0,0.0,Unspecified,3659156.0,Pick-up Truck,40.845985,-73.884476,"{'latitude': 40.845985, 'longitude': -73.884476}",EAST 180 STREET                 ,BRONX,10460.0,SOUTHERN BOULEVARD,Unspecified,Bike,,,,,,,2017.0
47140,2017-01-09T00:00:00.000,2025-11-21 16:42:00,,0.0,1.0,0.0,0.0,0.0,1.0,0.0,0.0,Pedestrian/Bicyclist/Other Pedestrian Error/Confusion,3595449.0,Box Truck,40.5916,-73.960686,"{'latitude': 40.5916, 'longitude': -73.960686}",AVENUE X                        ,,,,Unspecified,Bike,,,,,,,2017.0
47380,2016-12-15T00:00:00.000,2025-11-21 06:48:00,,0.0,1.0,0.0,0.0,0.0,1.0,0.0,0.0,Failure to Yield Right-of-Way,3580453.0,Concrete Mixer,,,,WEST 55 STREET                  ,MANHATTAN,10019.0,12 AVENUE,Passing or Lane Usage Improper,Bike,,,,,,,2016.0
48746,2016-09-05T00:00:00.000,2025-11-21 00:48:00,,0.0,1.0,0.0,0.0,0.0,1.0,0.0,0.0,Pedestrian/Bicyclist/Other Pedestrian Error/Confusion,3514410.0,Station Wagon/Sport Utility Vehicle,40.77164,-73.87285,"{'latitude': 40.77164, 'longitude': -73.87285}",GRAND CENTRAL PKWY              ,,,,Unspecified,Bike,,,,,,,2016.0
49014,2016-08-24T00:00:00.000,2025-11-21 06:36:00,,1.0,1.0,0.0,0.0,0.0,1.0,1.0,0.0,Pedestrian/Bicyclist/Other Pedestrian Error/Confusion,3506470.0,Sedan,40.761993,-73.75849,"{'latitude': 40.761993, 'longitude': -73.75849}",NORTHERN BOULEVARD              ,,,,Unspecified,Bike,,,,,,,2016.0
49037,2016-08-18T00:00:00.000,2025-11-21 23:24:00,,0.0,1.0,0.0,0.0,0.0,1.0,0.0,0.0,Unspecified,3503160.0,Dump,40.663017,-73.94003,"{'latitude': 40.663016999999996, 'longitude': -73.94003}",LEFFERTS AVENUE                 ,BROOKLYN,11203.0,ALBANY AVENUE,Unspecified,Bike,,,,,,,2016.0
49724,2016-07-02T00:00:00.000,2025-11-21 02:37:00,,0.0,1.0,0.0,0.0,0.0,1.0,0.0,0.0,Failure to Yield Right-of-Way,3472763.0,2 dr sedan,40.71148,-73.9456,"{'latitude': 40.71148, 'longitude': -73.9456}",GRAND STREET                    ,,,,Unspecified,Bike,,,,,,,2016.0
50123,2016-06-07T00:00:00.000,2025-11-21 06:46:00,,0.0,1.0,0.0,0.0,0.0,1.0,0.0,0.0,Failure to Yield Right-of-Way,3457179.0,Tanker,40.697186,-73.92884,"{'latitude': 40.697186, 'longitude': -73.92884}",EVERGREEN AVENUE                ,BROOKLYN,11221.0,HART STREET,Unspecified,Bike,,,,,,,2016.0
50145,2016-06-11T00:00:00.000,2025-11-21 19:52:00,,0.0,1.0,0.0,0.0,0.0,1.0,0.0,0.0,Alcohol Involvement,3461814.0,Pick-up Truck,40.717186,-74.0129,"{'latitude': 40.717186, 'longitude': -74.0129}",WEST STREET                     ,MANHATTAN,10007.0,CHAMBERS STREET,Unspecified,Bike,,,,,,,2016.0
50818,2016-04-20T00:00:00.000,2025-11-21 07:59:00,,0.0,1.0,0.0,0.0,0.0,1.0,0.0,0.0,Alcohol Involvement,3419927.0,Tractor Truck Diesel,,,,6 AVENUE                        ,BROOKLYN,11217.0,STERLING PLACE,Unspecified,Bike,,,,,,,2016.0
50865,2016-04-15T00:00:00.000,2025-11-21 08:34:00,,1.0,1.0,0.0,0.0,0.0,1.0,1.0,0.0,Failure to Yield Right-of-Way,3421181.0,Sedan,,,,CLASSON AVENUE                  ,BROOKLYN,11238.0,LEXINGTON AVENUE,Unspecified,Bike,,,,,,,2016.0
50884,2016-04-27T00:00:00.000,2025-11-21 08:52:00,SOUTHERN BOULEVARD                      ,0.0,1.0,0.0,0.0,0.0,1.0,0.0,0.0,Unspecified,3414479.0,Box Truck,,,,,,,,Unspecified,Bike,,,,,,,2016.0
51904,2024-09-13T00:00:00.000,2025-11-21 02:39:00,,0.0,1.0,0.0,0.0,0.0,1.0,0.0,0.0,Pedestrian/Bicyclist/Other Pedestrian Error/Confusion,4755430.0,Sedan,40.61139,-74.03648,"{'latitude': 40.61139, 'longitude': -74.03648, 'human_address': '{""address"": """", ""city"": """", ""state"": """", ""zip"": """"}'}",BELT PARKWAY,,,,Unspecified,Bike,,,,,,,2024.0
52815,2024-10-19T00:00:00.000,2025-11-21 11:55:00,,0.0,1.0,0.0,0.0,0.0,1.0,0.0,0.0,Pedestrian/Bicyclist/Other Pedestrian Error/Confusion,4764528.0,Pick-up Truck,40.83136,-73.86816,"{'latitude': 40.831360000000004, 'longitude': -73.86816, 'human_address': '{""address"": """", ""city"": """", ""state"": """", ""zip"": """"}'}",COMMONWLTH AVENUE,BRONX,10472.0,WESTCHESTER AVENUE,Unspecified,Bike,,,,,,,2024.0
53002,2024-10-30T00:00:00.000,2025-11-21 20:11:00,,1.0,1.0,0.0,0.0,0.0,1.0,1.0,0.0,Unspecified,4767852.0,Pick-up Truck,40.678043,-73.98262,"{'latitude': 40.678043, 'longitude': -73.98262, 'human_address': '{""address"": """", ""city"": """", ""state"": """", ""zip"": """"}'}",4 AVE,BROOKLYN,11217.0,SACKETT ST,Unspecified,Bike,Unspecified,Station Wagon/Sport Utility Vehicle,,,,,2024.0
53524,2023-09-13T00:00:00.000,2025-11-21 03:05:00,84-07     ROOSEVELT AVENUE,0.0,1.0,0.0,0.0,0.0,1.0,0.0,0.0,Driver Inattention/Distraction,4661989.0,Station Wagon/Sport Utility Vehicle,40.747856,-73.881905,"{'latitude': 40.747856, 'longitude': -73.881905, 'human_address': '{""address"": """", ""city"": """", ""state"": """", ""zip"": """"}'}",,QUEENS,11372.0,,Unspecified,Bike,,,,,,,2023.0
53703,2025-02-25T00:00:00.000,2025-11-21 22:42:00,,0.0,1.0,0.0,0.0,0.0,1.0,0.0,0.0,Passing or Lane Usage Improper,4795059.0,Bus,40.814938,-73.914955,"{'latitude': 40.814938, 'longitude': -73.914955, 'human_address': '{""address"": """", ""city"": """", ""state"": """", ""zip"": """"}'}",BROOK AVE,BRONX,10455.0,E 149 ST,Unspecified,Bike,,,,,,,2025.0
54153,2025-04-19T00:00:00.000,2025-11-21 16:02:00,,1.0,1.0,0.0,0.0,0.0,1.0,1.0,0.0,Traffic Control Disregarded,4807280.0,Box Truck,40.721596,-73.876465,"{'latitude': 40.721596, 'longitude': -73.876465, 'human_address': '{""address"": """", ""city"": """", ""state"": """", ""zip"": """"}'}",80 ST,QUEENS,11379.0,JUNIPER BLVD N,Unspecified,Bike,,,,,,,2025.0
54205,2025-04-24T00:00:00.000,2025-11-21 14:13:00,,0.0,1.0,0.0,0.0,0.0,1.0,0.0,0.0,Illnes,4807979.0,Bus,40.778477,-73.98545,"{'latitude': 40.778477, 'longitude': -73.98545, 'human_address': '{""address"": """", ""city"": """", ""state"": """", ""zip"": """"}'}",W 70 ST,MANHATTAN,10023.0,W END AVE,Unspecified,Bike,,,,,,,2025.0
55240,2025-07-19T00:00:00.000,2025-11-21 07:26:00,,1.0,2.0,0.0,1.0,0.0,1.0,1.0,0.0,Unsafe Speed,4828622.0,Sedan,,,,MANHATTAN BRIDGE,,,BOWERY,Unspecified,Bike,Unspecified,Station Wagon/Sport Utility Vehicle,,,,,2025.0
55489,2025-07-29T00:00:00.000,2025-11-21 18:06:00,,0.0,1.0,0.0,0.0,0.0,1.0,0.0,0.0,Traffic Control Disregarded,4831391.0,Station Wagon/Sport Utility Vehicle,40.733032,-73.98444,"{'latitude': 40.733032, 'longitude': -73.98444, 'human_address': '{""address"": """", ""city"": """", ""state"": """", ""zip"": """"}'}",2 AVE,MANHATTAN,10003.0,E 15 ST,Traffic Control Disregarded,Bike,,,,,,,2025.0
55764,2025-08-25T00:00:00.000,2025-11-21 08:25:00,87-84     LEFFERTS BLVD,0.0,1.0,0.0,0.0,0.0,1.0,0.0,0.0,Passing or Lane Usage Improper,4837510.0,Station Wagon/Sport Utility Vehicle,40.697853,-73.8301,"{'latitude': 40.697853, 'longitude': -73.8301, 'human_address': '{""address"": """", ""city"": """", ""state"": """", ""zip"": """"}'}",,QUEENS,11418.0,,Unspecified,Bike,,,,,,,2025.0
56204,2025-09-27T00:00:00.000,2025-11-21 02:36:00,,0.0,1.0,0.0,0.0,0.0,1.0,0.0,0.0,Unspecified,4845384.0,Sedan,40.707756,-73.946655,"{'latitude': 40.707756, 'longitude': -73.946655, 'human_address': '{""address"": """", ""city"": """", ""state"": """", ""zip"": """"}'}",MESEROLE ST,BROOKLYN,11206.0,LEONARD ST,Unspecified,Bike,Unspecified,Station Wagon/Sport Utility Vehicle,Unspecified,,Station Wagon/Sport Utility Vehicle,,2025.0
56549,2025-09-21T00:00:00.000,2025-11-21 16:20:00,,0.0,1.0,0.0,0.0,0.0,1.0,0.0,0.0,Driver Inattention/Distraction,4844819.0,Sedan,40.687473,-73.826706,"{'latitude': 40.687473, 'longitude': -73.826706, 'human_address': '{""address"": """", ""city"": """", ""state"": """", ""zip"": """"}'}",117 ST,QUEENS,11419.0,103 AVE,Unspecified,Bike,,,,,,,2025.0
56864,2019-09-08T00:00:00.000,2025-11-21 21:32:00,,0.0,1.0,0.0,0.0,0.0,1.0,0.0,0.0,Unspecified,4201958.0,Garbage or Refuse,40.669655,-73.99253,"{'latitude': 40.669655, 'longitude': -73.99253}",3 AVENUE                        ,BROOKLYN,11215.0,12 STREET,Unspecified,E-Bik,,,,,,,2019.0
57182,2022-06-29T00:00:00.000,2025-11-21 23:54:00,,0.0,1.0,0.0,0.0,0.0,1.0,0.0,0.0,Traffic Control Disregarded,4542310.0,Sedan,40.814266,-73.912964,"{'latitude': 40.814266, 'longitude': -73.912964, 'human_address': '{""address"": """", ""city"": """", ""state"": """", ""zip"": """"}'}",EAST 149 STREET,BRONX,10455.0,SAINT ANNS AVENUE,Unspecified,E-Bike,,,,,,,2022.0
57316,2021-05-24T00:00:00.000,2025-11-21 06:45:00,,0.0,1.0,0.0,0.0,0.0,1.0,0.0,0.0,Failure to Yield Right-of-Way,4420981.0,Pick-up Truck,40.769283,-73.82445,"{'latitude': 40.769283, 'longitude': -73.82445, 'human_address': '{""address"": """", ""city"": """", ""state"": """", ""zip"": """"}'}",PARSONS BOULEVARD,QUEENS,11354.0,32 AVENUE,Unspecified,E-Bike,,,,,,,2021.0
57397,2020-08-01T00:00:00.000,2025-11-21 17:16:00,,0.0,1.0,0.0,0.0,0.0,1.0,0.0,0.0,Failure to Yield Right-of-Way,4334713.0,Sedan,40.840508,-73.85515,"{'latitude': 40.840508, 'longitude': -73.85515, 'human_address': '{""address"": """", ""city"": """", ""state"": """", ""zip"": """"}'}",METROPOLITAN AVENUE,BRONX,10462.0,LINDEN DRIVE,Unspecified,E-Bike,,,,,,,2020.0
57669,2021-07-01T00:00:00.000,2025-11-21 05:24:00,,0.0,1.0,0.0,0.0,0.0,1.0,0.0,0.0,Unspecified,4433274.0,Sedan,40.819786,-73.91216,"{'latitude': 40.819786, 'longitude': -73.91216, 'human_address': '{""address"": """", ""city"": """", ""state"": """", ""zip"": """"}'}",BROOK AVENUE,BRONX,10451.0,EAST 156 STREET,Unspecified,E-Bike,,,,,,,2021.0
58592,2021-09-05T00:00:00.000,2025-11-21 03:19:00,,0.0,1.0,0.0,0.0,0.0,1.0,0.0,0.0,Unspecified,4455132.0,Sedan,40.864655,-73.813866,"{'latitude': 40.864655, 'longitude': -73.813866, 'human_address': '{""address"": """", ""city"": """", ""state"": """", ""zip"": """"}'}",SHORE ROAD,,,,Unspecified,E-Bike,,,,,,,2021.0
59204,2022-07-20T00:00:00.000,2025-11-21 22:04:00,,0.0,1.0,0.0,0.0,0.0,1.0,0.0,0.0,Pedestrian/Bicyclist/Other Pedestrian Error/Confusion,4548206.0,Sedan,40.86755,-73.86151,"{'latitude': 40.86755, 'longitude': -73.86151, 'human_address': '{""address"": """", ""city"": """", ""state"": """", ""zip"": """"}'}",BRONXWOOD AVENUE,BRONX,10469.0,WILLIAMSBRIDGE ROAD,Unspecified,E-Bike,,,,,,,2022.0
59634,2022-07-06T00:00:00.000,2025-11-21 03:58:00,,0.0,1.0,0.0,0.0,0.0,1.0,0.0,0.0,Driver Inattention/Distraction,4544299.0,Station Wagon/Sport Utility Vehicle,40.818558,-73.92732,"{'latitude': 40.818558, 'longitude': -73.92732, 'human_address': '{""address"": """", ""city"": """", ""state"": """", ""zip"": """"}'}",GRAND CONCOURSE,BRONX,10451.0,EAST 149 STREET,Traffic Control Disregarded,E-Bike,,,,,,,2022.0
59900,2022-08-30T00:00:00.000,2025-11-21 16:25:00,,0.0,1.0,0.0,0.0,0.0,1.0,0.0,0.0,View Obstructed/Limited,4559907.0,Tractor Truck Diesel,40.658577,-73.89063,"{'latitude': 40.658577, 'longitude': -73.89063, 'human_address': '{""address"": """", ""city"": """", ""state"": """", ""zip"": """"}'}",PENNSYLVANIA AVENUE,BROOKLYN,11207.0,LINDEN BOULEVARD,Unspecified,E-Bike,,,,,,,2022.0
60149,2023-06-22T00:00:00.000,2025-11-21 23:40:00,,0.0,1.0,0.0,0.0,0.0,1.0,0.0,0.0,Driver Inattention/Distraction,4640064.0,Station Wagon/Sport Utility Vehicle,40.67922,-73.90405,"{'latitude': 40.67922, 'longitude': -73.90405, 'human_address': '{""address"": """", ""city"": """", ""state"": """", ""zip"": """"}'}",BROADWAY,BROOKLYN,11233.0,CONWAY STREET,Unspecified,E-Bike,,,,,,,2023.0
60371,2022-12-04T00:00:00.000,2025-11-21 01:30:00,,0.0,1.0,0.0,0.0,0.0,1.0,0.0,0.0,Failure to Yield Right-of-Way,4587010.0,Sedan,40.74595,-73.99802,"{'latitude': 40.74595, 'longitude': -73.99802, 'human_address': '{""address"": """", ""city"": """", ""state"": """", ""zip"": """"}'}",WEST 24 STREET,,,,Unspecified,E-Bike,Unspecified,Station Wagon/Sport Utility Vehicle,,,,,2022.0
60374,2022-12-28T00:00:00.000,2025-11-21 13:36:00,,0.0,1.0,0.0,0.0,0.0,1.0,0.0,0.0,Driver Inattention/Distraction,4593632.0,Station Wagon/Sport Utility Vehicle,40.627987,-73.93078,"{'latitude': 40.627987, 'longitude': -73.93078, 'human_address': '{""address"": """", ""city"": """", ""state"": """", ""zip"": """"}'}",SCHENECTADY AVENUE,BROOKLYN,11234.0,AVENUE J,Driver Inattention/Distraction,E-Bike,,,,,,,2022.0
60379,2023-08-09T00:00:00.000,2025-11-21 05:47:00,,0.0,1.0,0.0,0.0,0.0,1.0,0.0,0.0,Unspecified,4652722.0,Flat Rack,40.81593,-73.8917,"{'latitude': 40.81593, 'longitude': -73.8917, 'human_address': '{""address"": """", ""city"": """", ""state"": """", ""zip"": """"}'}",TIFFANY STREET,BRONX,10474.0,BARRY STREET,Unspecified,E-Bike,,,,,,,2023.0
60792,2023-04-05T00:00:00.000,2025-11-21 23:22:00,,0.0,1.0,0.0,0.0,0.0,1.0,0.0,0.0,Unsafe Speed,4618759.0,Pick-up Truck,40.84706,-73.84908,"{'latitude': 40.84706, 'longitude': -73.84908, 'human_address': '{""address"": """", ""city"": """", ""state"": """", ""zip"": """"}'}",WILLIAMSBRIDGE ROAD,BRONX,10461.0,PIERCE AVENUE,Unspecified,E-Bike,Unspecified,Sedan,,,,,2023.0
60899,2023-05-12T00:00:00.000,2025-11-21 16:20:00,,0.0,1.0,0.0,0.0,0.0,1.0,0.0,0.0,Driver Inattention/Distraction,4628437.0,Station Wagon/Sport Utility Vehicle,40.723274,-73.94223,"{'latitude': 40.723274, 'longitude': -73.94223, 'human_address': '{""address"": """", ""city"": """", ""state"": """", ""zip"": """"}'}",MONITOR STREET,BROOKLYN,11222.0,DRIGGS AVENUE,Driver Inattention/Distraction,E-Bike,,,,,,,2023.0
61817,2024-02-23T00:00:00.000,2025-11-21 05:58:00,,0.0,1.0,0.0,0.0,0.0,1.0,0.0,0.0,Unsafe Speed,4705065.0,Station Wagon/Sport Utility Vehicle,40.82419,-73.91385,"{'latitude': 40.82419, 'longitude': -73.91385, 'human_address': '{""address"": """", ""city"": """", ""state"": """", ""zip"": """"}'}",MELROSE AVENUE,BRONX,10451.0,EAST 161 STREET,Traffic Control Disregarded,E-Bike,,,,,,,2024.0
61937,2023-12-28T00:00:00.000,2025-11-21 06:13:00,,0.0,1.0,0.0,0.0,0.0,1.0,0.0,0.0,Traffic Control Disregarded,4690833.0,Flat Bed,40.76465,-73.823494,"{'latitude': 40.76465, 'longitude': -73.823494, 'human_address': '{""address"": """", ""city"": """", ""state"": """", ""zip"": """"}'}",NORTHERN BOULEVARD,,,,Unspecified,E-Bike,,,,,,,2023.0
62121,2024-05-22T00:00:00.000,2025-11-21 09:10:00,,0.0,1.0,0.0,0.0,0.0,1.0,0.0,0.0,Failure to Yield Right-of-Way,4726906.0,Pick-up Truck,40.64479,-74.01433,"{'latitude': 40.64479, 'longitude': -74.01433, 'human_address': '{""address"": """", ""city"": """", ""state"": """", ""zip"": """"}'}",4 AVENUE,BROOKLYN,11220.0,53 STREET,Failure to Yield Right-of-Way,E-Bike,,,,,,,2024.0
62215,2024-06-01T00:00:00.000,2025-11-21 03:57:00,,0.0,1.0,0.0,0.0,0.0,1.0,0.0,0.0,Driver Inattention/Distraction,4729767.0,Tractor Truck Diesel,40.850906,-73.93829,"{'latitude': 40.850906, 'longitude': -73.93829, 'human_address': '{""address"": """", ""city"": """", ""state"": """", ""zip"": """"}'}",WEST 181 STREET,,,,Unspecified,E-Bike,,,,,,,2024.0
62272,2024-06-07T00:00:00.000,2025-11-21 14:05:00,,0.0,1.0,0.0,0.0,0.0,1.0,0.0,0.0,Unspecified,4730846.0,Box Truck,40.76588,-73.99464,"{'latitude': 40.76588, 'longitude': -73.99464, 'human_address': '{""address"": """", ""city"": """", ""state"": """", ""zip"": """"}'}",11 AVENUE,MANHATTAN,10019.0,WEST 50 STREET,Unspecified,E-Bike,,,,,,,2024.0
63357,2024-07-18T00:00:00.000,2025-11-21 11:35:00,,0.0,1.0,0.0,0.0,0.0,1.0,0.0,0.0,Failure to Yield Right-of-Way,4741425.0,Box Truck,40.74089,-73.92201,"{'latitude': 40.74089, 'longitude': -73.92201, 'human_address': '{""address"": """", ""city"": """", ""state"": """", ""zip"": """"}'}",GREENPOINT AVENUE,QUEENS,11104.0,43 STREET,Driver Inattention/Distraction,E-Bike,,,,,,,2024.0
63435,2024-08-19T00:00:00.000,2025-11-21 13:54:00,,1.0,1.0,0.0,0.0,1.0,1.0,0.0,0.0,Unspecified,4749410.0,Box Truck,40.63665,-73.96805,"{'latitude': 40.63665, 'longitude': -73.96805, 'human_address': '{""address"": """", ""city"": """", ""state"": """", ""zip"": """"}'}",DITMAS AVENUE,,,CONEY ISLAND AVENUE,Unspecified,E-Bike,,,,,,,2024.0
63443,2024-08-05T00:00:00.000,2025-11-21 07:35:00,,0.0,1.0,0.0,0.0,0.0,1.0,0.0,0.0,Unspecified,4745951.0,Box Truck,40.746296,-73.93041,"{'latitude': 40.746296, 'longitude': -73.93041, 'human_address': '{""address"": """", ""city"": """", ""state"": """", ""zip"": """"}'}",34 STREET,QUEENS,11101.0,43 AVENUE,Unspecified,E-Bike,,,,,,,2024.0
63621,2024-11-02T00:00:00.000,2025-11-21 22:42:00,,0.0,1.0,0.0,0.0,0.0,1.0,0.0,0.0,Driver Inattention/Distraction,4768346.0,Station Wagon/Sport Utility Vehicle,40.83089,-73.94137,"{'latitude': 40.83089, 'longitude': -73.94137, 'human_address': '{""address"": """", ""city"": """", ""state"": """", ""zip"": """"}'}",W 155 ST,MANHATTAN,10032.0,ST NICHOLAS AVE,Unspecified,E-Bike,,,,,,,2024.0
63776,2025-01-29T00:00:00.000,2025-11-21 00:06:00,,0.0,1.0,0.0,0.0,0.0,1.0,0.0,0.0,Unspecified,4789910.0,Bus,40.816025,-73.93946,"{'latitude': 40.816025, 'longitude': -73.93946, 'human_address': '{""address"": """", ""city"": """", ""state"": """", ""zip"": """"}'}",W 138 ST,MANHATTAN,10037.0,LENOX AVE,Unspecified,E-Bike,,,,,,,2025.0
64224,2025-07-31T00:00:00.000,2025-11-21 14:18:00,,0.0,1.0,0.0,0.0,0.0,1.0,0.0,0.0,Unspecified,4832001.0,Station Wagon/Sport Utility Vehicle,40.749092,-73.78462,"{'latitude': 40.749092, 'longitude': -73.78462, 'human_address': '{""address"": """", ""city"": """", ""state"": """", ""zip"": """"}'}",HOLLIS COURT BLVD,,,50 AVE,Unspecified,E-Bike,,,,,,,2025.0
64456,2025-10-27T00:00:00.000,2025-11-21 18:39:00,,0.0,1.0,0.0,0.0,0.0,1.0,0.0,0.0,Unspecified,4853000.0,Sedan,40.752323,-73.85958,"{'latitude': 40.752323, 'longitude': -73.85958, 'human_address': '{""address"": """", ""city"": """", ""state"": """", ""zip"": """"}'}",108 ST,QUEENS,11368.0,38 AVE,Unspecified,E-Bike,,,,,,,2025.0
64590,2019-10-12T00:00:00.000,2025-11-21 23:51:00,,1.0,1.0,0.0,0.0,1.0,1.0,0.0,0.0,Alcohol Involvement,4223206.0,Sedan,40.65616,-73.76736,"{'latitude': 40.65616, 'longitude': -73.76736}",ROCKAWAY BOULEVARD              ,QUEENS,11434.0,BREWER BOULEVARD,Other Lighting Defects,E-Sco,,,,,,,2019.0
16,2021-12-24T00:00:00.000,2025-11-21 09:21:00,,0.0,2.0,0.0,1.0,0.0,1.0,0.0,0.0,Unspecified,4490224.0,Box Truck,40.762802,-73.965675,"{'latitude': 40.762802, 'longitude': -73.965675, 'human_address': '{""address"": """", ""city"": """", ""state"": """", ""zip"": """"}'}",EAST 61 STREET,MANHATTAN,10065.0,3 AVENUE,Unspecified,Station Wagon/Sport Utility Vehicle,Unspecified,E-Bike,,,,,2021.0
138,2023-02-24T00:00:00.000,2025-11-21 10:14:00,,0.0,1.0,0.0,0.0,0.0,1.0,0.0,0.0,Driver Inattention/Distraction,4609017.0,Station Wagon/Sport Utility Vehicle,40.547806,-74.15965,"{'latitude': 40.547806, 'longitude': -74.15965, 'human_address': '{""address"": """", ""city"": """", ""state"": """", ""zip"": """"}'}",WILSON AVENUE,,,,Unspecified,Sedan,Unspecified,Bike,,,,,2023.0
175,2023-07-14T00:00:00.000,2025-11-21 17:59:00,,0.0,1.0,0.0,0.0,0.0,1.0,0.0,0.0,Driver Inexperience,4645408.0,Station Wagon/Sport Utility Vehicle,40.713924,-73.80212,"{'latitude': 40.713924, 'longitude': -73.80212, 'human_address': '{""address"": """", ""city"": """", ""state"": """", ""zip"": """"}'}",164 STREET,,,,Unspecified,Station Wagon/Sport Utility Vehicle,Unspecified,E-Bike,,,,,2023.0
196,2024-02-27T00:00:00.000,2025-11-21 07:52:00,,0.0,1.0,0.0,0.0,0.0,1.0,0.0,0.0,Driver Inattention/Distraction,4705579.0,Sedan,40.704113,-73.94786,"{'latitude': 40.704113, 'longitude': -73.94786, 'human_address': '{""address"": """", ""city"": """", ""state"": """", ""zip"": """"}'}",BROADWAY,BROOKLYN,11206.0,LORIMER STREET,Unspecified,Sedan,Unspecified,Bike,,,,,2024.0
204,2024-03-18T00:00:00.000,2025-11-21 06:03:00,,0.0,1.0,0.0,0.0,0.0,1.0,0.0,0.0,Traffic Control Disregarded,4710999.0,Box Truck,40.80885,-73.95404,"{'latitude': 40.80885, 'longitude': -73.95404, 'human_address': '{""address"": """", ""city"": """", ""state"": """", ""zip"": """"}'}",MANHATTAN AVENUE,,,,Unspecified,Station Wagon/Sport Utility Vehicle,Unspecified,E-Bike,,,,,2024.0
298,2019-09-02T00:00:00.000,2025-11-21 06:00:00,805       BROADWAY                      ,0.0,1.0,0.0,0.0,0.0,1.0,0.0,0.0,Aggressive Driving/Road Rage,4198817.0,Tractor Truck Diesel,40.699673,-73.940056,"{'latitude': 40.699673, 'longitude': -73.940056}",,BROOKLYN,11206.0,,Unspecified,Station Wagon/Sport Utility Vehicle,Unspecified,Bike,Unspecified,Unspecified,Station Wagon/Sport Utility Vehicle,Station Wagon/Sport Utility Vehicle,2019.0
319,2019-05-15T00:00:00.000,2025-11-21 17:38:00,,0.0,1.0,0.0,0.0,0.0,1.0,0.0,0.0,Driver Inattention/Distraction,4133718.0,Box Truck,40.626755,-73.98598,"{'latitude': 40.626755, 'longitude': -73.98598}",17 AVENUE                       ,,,,Unspecified,Station Wagon/Sport Utility Vehicle,Unspecified,Bike,,,,,2019.0
333,2019-01-01T00:00:00.000,2025-11-21 05:59:00,,0.0,1.0,0.0,0.0,0.0,1.0,0.0,0.0,Driver Inattention/Distraction,4060483.0,Station Wagon/Sport Utility Vehicle,40.661163,-74.00069,"{'latitude': 40.661163, 'longitude': -74.00069}",3 AVENUE                        ,BROOKLYN,11232.0,26 STREET,Other Vehicular,Station Wagon/Sport Utility Vehicle,Unspecified,Bike,,,,,2019.0
388,2017-10-31T00:00:00.000,2025-11-21 15:08:00,,12.0,8.0,7.0,6.0,1.0,2.0,4.0,0.0,Other Vehicular,3782508.0,Flat Bed,40.729046,-74.01073,"{'latitude': 40.729046, 'longitude': -74.01073}",WEST STREET                     ,MANHATTAN,10014.0,WEST HOUSTON STREET,Unspecified,Bus,Unspecified,Bike,Unspecified,Unspecified,Bike,Bike,2017.0
438,2017-05-04T00:00:00.000,2025-11-21 18:00:00,30        EAST 20 STREET                ,0.0,1.0,0.0,0.0,0.0,1.0,0.0,0.0,Driver Inattention/Distraction,3663662.0,Sedan,40.738785,-73.98887,"{'latitude': 40.738785, 'longitude': -73.98887}",,MANHATTAN,10003.0,,Unspecified,Taxi,Unspecified,Bike,,,,,2017.0
744,2024-09-21T00:00:00.000,2025-11-21 02:48:00,,0.0,1.0,0.0,0.0,0.0,1.0,0.0,0.0,Traffic Control Disregarded,4757577.0,Sedan,40.697186,-73.92884,"{'latitude': 40.697186, 'longitude': -73.92884, 'human_address': '{""address"": """", ""city"": """", ""state"": """", ""zip"": """"}'}",HART STREET,BROOKLYN,11221.0,EVERGREEN AVENUE,Unspecified,Sedan,Unspecified,Bike,,,,,2024.0
753,2024-10-22T00:00:00.000,2025-11-21 23:10:00,,0.0,1.0,0.0,0.0,0.0,1.0,0.0,0.0,Unspecified,4765626.0,Pick-up Truck,40.757423,-73.92247,"{'latitude': 40.757423, 'longitude': -73.92247, 'human_address': '{""address"": """", ""city"": """", ""state"": """", ""zip"": """"}'}",34 AVENUE,QUEENS,11101.0,37 STREET,Unspecified,Sedan,Unspecified,Bike,,,,,2024.0
764,2023-06-04T00:00:00.000,2025-11-21 19:28:00,,4.0,1.0,2.0,0.0,1.0,1.0,1.0,0.0,Alcohol Involvement,4634861.0,Sedan,40.737545,-73.98409,"{'latitude': 40.737545, 'longitude': -73.98409, 'human_address': '{""address"": """", ""city"": """", ""state"": """", ""zip"": """"}'}",3 AVENUE,MANHATTAN,10010.0,EAST 21 STREET,Unspecified,Station Wagon/Sport Utility Vehicle,Unspecified,E-Bike,,,,,2023.0
769,2025-03-19T00:00:00.000,2025-11-21 17:28:00,,0.0,1.0,0.0,0.0,0.0,1.0,0.0,0.0,Traffic Control Disregarded,4799953.0,Station Wagon/Sport Utility Vehicle,40.730118,-73.86231,"{'latitude': 40.730118, 'longitude': -73.86231, 'human_address': '{""address"": """", ""city"": """", ""state"": """", ""zip"": """"}'}",QUEENS BLVD,,,63 DR,Unspecified,Sedan,Unspecified,Bike,,,,,2025.0
778,2025-05-01T00:00:00.000,2025-11-21 10:13:00,,0.0,1.0,0.0,0.0,0.0,1.0,0.0,0.0,Unspecified,4809521.0,Station Wagon/Sport Utility Vehicle,40.720833,-73.99766,"{'latitude': 40.720833, 'longitude': -73.99766, 'human_address': '{""address"": """", ""city"": """", ""state"": """", ""zip"": """"}'}",BROOME ST,MANHATTAN,10013.0,CENTRE ST,Unspecified,Box Truck,Unspecified,Bike,,,,,2025.0
5,2022-07-03T00:00:00.000,2025-11-21 14:57:00,,0.0,1.0,0.0,0.0,0.0,1.0,0.0,0.0,Traffic Control Disregarded,4543294.0,Station Wagon/Sport Utility Vehicle,40.83202,-73.87323,"{'latitude': 40.83202, 'longitude': -73.87323, 'human_address': '{""address"": """", ""city"": """", ""state"": """", ""zip"": """"}'}",METCALF AVENUE,BRONX,10472.0,EAST 172 STREET,Unspecified,Station Wagon/Sport Utility Vehicle,Unspecified,Sedan,Unspecified,,E-Bike,,2022.0
52,2015-07-13T00:00:00.000,2025-11-21 07:05:00,,6.0,1.0,0.0,0.0,0.0,1.0,6.0,0.0,Following Too Closely,3257329.0,PASSENGER VEHICLE,40.6831278,-73.9791852,"{'latitude': 40.6831278, 'longitude': -73.9791852}",4 AVENUE                        ,BROOKLYN,11217.0,DEAN STREET                     ,Unspecified,PASSENGER VEHICLE,Unspecified,PASSENGER VEHICLE,Unspecified,,BICYCLE,,2015.0
